md,tvdss,phi,k,sw_perfil,sw_simulado
3126.5,2818.7,0.21273,366.6,0.031379,0.23624
3127.5,2819.3,0.24772,786.32,0.069043,0.21958
3128.5,2819.9,0.24586,494.67,0.082372,0.23109
3129.5,2820.5,0.24976,200.04,0.084853,0.25782
3130.5,2821,0.25623,118.15,0.092347,0.26885
3131.5,2821.6,0.24514,130.46,0.10426,0.26636
3132.5,2822.2,0.2435,88.622,0.11291,0.27581
3133.5,2822.8,0.25999,15.109,0.10492,0.33772
3134.5,2823.4,0.17712,0.15445,0.24269,0.56238
3135.5,2824,0.2349,2.3712,0.22716,0.41083
3136.5,2824.6,0.28092,58.402,0.11136,0.3002
3137.5,2825.2,0.27941,61.218,0.1083,0.29839
3138.5,2825.8,0.24916,8.4267,0.15714,0.36821
3139.5,2826.3,0.15547,0.2812,0.27689,0.50596
3140.5,2826.9,0.094514,0.0093457,0.40488,0.73389
3141.5,2827.5,0.18263,0.0063164,0.35511,0.81528
3142.5,2828.1,0.21794,0.21846,0.31339,0.55342
3143.5,2828.7,0.27673,22.966,0.12026,0.3278
3144.5,2829.3,0.24229,11.662,0.1022,0.35118
3145.5,2829.9,0.20741,0.99777,0.13671,0.46303
3146.5,2830.5,0.11045,0.0035968,0.63577,0.82746
3147.5,2831.1,0.15354,0.0017078,0.57815,0.95476
3148.5,2831.6,0.080383,0.001,0.99545,0.94484
3149.5,2832.2,0.11041,0.011059,0.54454,0.73553
3150.5,2832.8,0.25473,331.51,0.13483,0.24746
3151.5,2833.4,0.24236,538.53,0.15088,0.23047
3152.5,2834,0.24523,477.94,0.16206,0.23522
3153.5,2834.6,0.23521,430.08,0.16928,0.23747
3154.5,2835.2,0.23393,492.46,0.14539,0.2328
3155.5,2835.8,0.24138,576.62,0.12813,0.22833
3156.5,2836.4,0.23544,490.14,0.1256,0.23345
3157.5,2837,0.23507,347.68,0.13411,0.24453
3158.5,2837.5,0.21916,421.1,0.12747,0.23644
3159.5,2838.1,0.1989,529.14,0.13561,0.22477
3160.5,2838.7,0.19051,299.43,0.16155,0.24305
3161.5,2839.3,0.1538,66.826,0.37908,0.27221
3162.5,2839.9,0.1681,54.954,0.54135,0.28581
3163.5,2840.5,0.17261,144.51,0.24699,0.25957
3164.5,2841.1,0.098083,142.04,0.23132,0.2459
3165.5,2841.7,0.19073,133.37,0.10695,0.26349
3166.5,2842.3,0.20922,10.601,0.16451,0.3528
3167.5,2842.8,0.23193,2.7016,0.18986,0.41014
3168.5,2843.4,0.2661,1.393,0.12499,0.46304
3169.5,2844,0.2627,1.1673,0.12467,0.47212
3170.5,2844.6,0.25703,1.0706,0.11085,0.47561
3171.5,2845.2,0.24742,0.80556,0.10969,0.48741
3172.5,2845.8,0.26393,1.0784,0.1021,0.47695
3173.5,2846.4,0.2545,0.89879,0.12222,0.48408
3174.5,2847,0.25439,0.20914,0.12933,0.57773
3175.5,2847.6,0.25828,0.14372,0.13983,0.6031
3176.5,2848.2,0.26754,0.18231,0.13694,0.59093
3177.5,2848.7,0.26223,0.18106,0.13276,0.59033
3178.5,2849.3,0.25263,0.34414,0.14763,0.53839
3179.5,2849.9,0.19807,0.2424,0.21341,0.54817
3180.5,2850.5,0.1614,0.0061861,0.3222,0.82189
3181.5,2851.1,0.20819,0.0066412,0.22524,0.84972
3182.5,2851.7,0.23328,0.08664,0.13514,0.62568
3183.5,2852.3,0.24424,45.481,0.10147,0.30993
3184.5,2852.9,0.23342,44.364,0.10087,0.3094
3185.5,2853.5,0.24401,14.873,0.094141,0.34646
3186.5,2854,0.2579,141.71,0.068636,0.26939
3187.5,2854.6,0.24448,659.07,0.057579,0.22835
3188.5,2855.2,0.25167,998,0.046281,0.21962
3189.5,2855.8,0.25587,968.75,0.041199,0.22032
3190.5,2856.4,0.24911,986.12,0.039933,0.21975
3191.5,2857,0.25578,1167.7,0.037835,0.21773
3192.5,2857.6,0.25406,915.53,0.038369,0.22115
3193.5,2858.2,0.24464,643.46,0.041804,0.23013
3194.5,2858.8,0.21795,491.58,0.047475,0.23568
3195.5,2859.4,0.17324,328.07,0.061266,0.24146
3196.5,2859.9,0.24095,97.873,0.052586,0.28194
3197.5,2860.5,0.24263,69.266,0.05343,0.29691
3198.5,2861.1,0.24602,115,0.051361,0.27566
3199.5,2861.7,0.23789,132.26,0.051485,0.27006
3200.5,2862.3,0.23555,221.51,0.050451,0.26015
3201.5,2862.9,0.2286,428.26,0.050789,0.24252
3202.5,2863.5,0.24184,571.47,0.050329,0.23518
3203.5,2864.1,0.24905,713.81,0.051632,0.22843
3204.5,2864.7,0.26526,807.65,0.050469,0.22629
3205.5,2865.2,0.18645,179.96,0.06843,0.26003
3206.5,2865.8,0.19839,201.59,0.071279,0.25899
3207.5,2866.4,0.24035,168.5,0.072551,0.26657
3208.5,2867,0.2652,1.7218,0.087962,0.45968
3209.5,2867.6,0.26617,0.23823,0.1048,0.58144
3210.5,2868.2,0.25444,0.015832,0.11721,0.78527
3211.5,2868.8,0.253,0.10257,0.11528,0.62697
3212.5,2869.4,0.23853,1.2005,0.11423,0.47441
3213.5,2870,0.21951,5.906,0.12036,0.3897
3214.5,2870.6,0.22695,6.9802,0.12652,0.38481
3215.5,2871.1,0.20304,3.5504,0.15271,0.4041
3216.5,2871.7,0.22147,0.070804,0.18548,0.64093
3217.5,2872.3,0.23571,0.018185,0.1953,0.7739
3218.5,2872.9,0.22391,0.28697,0.15174,0.55732
3219.5,2873.5,0.21428,25.948,0.12702,0.32583
3220.5,2874.1,0.24659,50.425,0.1159,0.31166
3221.5,2874.7,0.2419,35.125,0.12146,0.32151
3222.5,2875.3,0.23569,23.357,0.12799,0.33066
3223.5,2875.9,0.2326,17.351,0.1309,0.34362
3224.5,2876.5,0.23676,21.797,0.12833,0.33238
3225.5,2877.1,0.23935,23.335,0.12654,0.33128
3226.5,2877.7,0.22911,20.361,0.13214,0.33354
3227.5,2878.3,0.23097,14.372,0.1376,0.35487
3228.5,2878.9,0.23595,12.54,0.13952,0.36326
3229.5,2879.5,0.23263,8.7245,0.14146,0.37936
3230.5,2880,0.22447,15.288,0.1425,0.3506
3231.5,2880.6,0.21277,20.499,0.14361,0.33206
3232.5,2881.2,0.19392,0.48791,0.19129,0.50712
3233.5,2881.8,0.22571,0.041178,0.22384,0.71171
3234.5,2882.4,0.2589,0.055203,0.16842,0.69674
3235.5,2883,0.25635,0.10631,0.15344,0.63054
3236.5,2883.6,0.2522,0.15721,0.14252,0.61067
3237.5,2884.2,0.2649,0.72958,0.12412,0.50471
3238.5,2884.8,0.27079,1.9146,0.11928,0.46206
3239.5,2885.4,0.26938,2.5791,0.1215,0.44372
3240.5,2886,0.27389,2.8229,0.12392,0.43905
3241.5,2886.6,0.27703,3.8025,0.1249,0.41832
3242.5,2887.2,0.2623,1.7201,0.13275,0.46723
3243.5,2887.8,0.19037,0.66764,0.15924,0.49661
3244.5,2888.4,0.17087,1.1109,0.16455,0.46817
3245.5,2888.9,0.19719,3.3097,0.14518,0.40888
3246.5,2889.5,0.22065,3.7034,0.13274,0.409
3247.5,2890.1,0.24837,7.844,0.12171,0.38917
3248.5,2890.7,0.24227,3.047,0.12677,0.42738
3249.5,2891.3,0.23833,0.96354,0.13561,0.4919
3250.5,2891.9,0.2441,0.965,0.14235,0.49302
3251.5,2892.5,0.24797,0.79112,0.14604,0.50161
3252.5,2893.1,0.2397,1.6393,0.15175,0.46737
3253.5,2893.7,0.22868,1.5849,0.19544,0.46689
3254.5,2894.3,0.24026,2.7297,0.34407,0.43663
3255.5,2894.9,0.261,2.6814,0.36438,0.44377
3256.5,2895.5,0.26404,2.7672,0.36393,0.44275
3257.5,2896.1,0.2645,2.0657,0.36254,0.46122
3258.5,2896.7,0.24584,1.8495,0.35366,0.46361
3259.5,2897.3,0.16036,0.98165,0.42294,0.47484
3260.5,2897.8,0.15998,0.57704,0.41396,0.49851
3261.5,2898.4,0.19514,1.2123,0.3145,0.47456
3262.5,2899,0.22457,2.3546,0.29012,0.44454
3263.5,2899.6,0.21664,2.6736,0.33649,0.43371
3264.5,2900.2,0.21615,5.5693,0.30817,0.39881
3265.5,2900.8,0.19747,7.0879,0.29794,0.38746
3266.5,2901.4,0.15484,5.6245,0.31527,0.38718
3267.5,2902,0.15878,6.7151,0.2986,0.3814
3268.5,2902.6,0.20391,3.8778,0.25882,0.40833
3269.5,2903.2,0.21652,0.85446,0.26425,0.49662
3270.5,2903.8,0.23653,1.2543,0.31883,0.48421
3271.5,2904.4,0.25002,1.5047,0.31877,0.47845
3272.5,2905,0.19274,0.43644,0.40716,0.52829
3273.5,2905.6,0.16183,0.011963,0.42262,0.79124
3274.5,2906.2,0.21723,2.2454,0.2996,0.44908
3275.5,2906.8,0.21154,1.8516,0.30305,0.45948
3276.5,2907.4,0.22215,0.2746,0.35046,0.57957
3277.5,2907.9,0.24294,0.15259,0.49328,0.62
3278.5,2908.5,0.19622,0.092743,0.63323,0.6334
3279.5,2909.1,0.22566,0.14323,0.60851,0.61996
3280.5,2909.7,0.14143,0.10593,0.79352,1
3281.5,2910.3,0.10629,0.32311,0.72294,0.89053
3282.5,2910.9,0.078517,0.01909,0.98186,1
3283.5,2911.5,0.073486,0.013713,1,1
3284.5,2912.1,0.078171,0.028114,1,1
3285.5,2912.7,0.11478,0.52661,0.92675,0.86163
3286.5,2913.3,0.064029,0.020263,1,1
3287.5,2913.9,0.03555,0.0022493,1,1
3288.5,2914.5,0.0895,0.097203,0.97426,1
3289.5,2915.1,0.071783,0.016765,0.99847,1
3290.5,2915.7,0.015529,0.0010137,1,1
3291.5,2916.3,0.072386,0.02449,0.77138,1
3292.5,2916.9,0.19315,176.02,0.50337,0.47972
3293.5,2917.4,0.2154,1719.6,0.57671,0.37656
3294.5,2918,0.2271,5922.7,0.59931,0.32646
3295.5,2918.6,0.21584,3518.8,0.668,0.34706
3296.5,2919.2,0.13968,11.413,0.77394,0.64056
3297.5,2919.8,0.1288,4.1421,0.78028,0.74337
3298.5,2920.4,0.14985,22.439,0.74336,0.61662
3299.5,2921,0.10464,0.82265,0.81578,0.89933
3300.5,2921.6,0.11136,1.0163,0.76104,0.89061
3301.5,2922.2,0.091633,0.2658,0.91327,0.99991
3302.5,2922.8,0.10294,0.9335,0.96139,0.91007
3303.5,2923.4,0.1086,1.5457,1,0.86543
3304.5,2924,0.11129,1.9704,1,0.84762
3305.5,2924.6,0.14095,13.341,0.9033,0.70538
3306.5,2925.2,0.19021,449.97,0.71343,0.48499
3307.5,2925.8,0.1848,248.1,0.73504,0.51187
3308.5,2926.4,0.18487,142.8,0.7429,0.56974
3309.5,2927,0.14807,6.5174,0.83741,0.79354
3310.5,2927.6,0.11623,0.40876,0.9542,1
3311.5,2928.2,0.1267,1.2325,0.95517,0.98925
3312.5,2928.8,0.14083,4.9072,0.91952,0.87927
3313.5,2929.3,0.17611,68.695,0.81359,0.65607
3314.5,2929.9,0.1599,14.531,0.75605,0.79242
3315.5,2930.5,0.046029,0.0058377,0.79839,1
3316.5,2931.1,0.080914,0.051865,0.83755,1
3317.5,2931.7,0.13832,1.3581,0.65929,1
3318.5,2932.3,0.10721,0.043848,0.8791,1
3319.5,2932.9,0.13065,0.35999,0.95544,1
3320.5,2933.5,0.13607,1.3289,0.92872,1
3321.5,2934.1,0.14983,15.845,0.90517,0.97827
3322.5,2934.7,0.18734,291.2,0.8187,0.75493
3323.5,2935.3,0.18996,367.8,0.82928,0.78106
3324.5,2935.9,0.19928,648.49,0.75462,0.81819
3325.5,2936.5,0.17793,165.65,0.69486,1
3326.5,2937.1,0.0321,0.0053752,0.94649,1
3327.5,2937.7,0.11574,1.8251,0.44963,1
3328.5,2938.3,0.17118,86.234,0.36698,1
3329.5,2938.9,0.10116,0.53501,0.62915,1
3330.5,2939.5,0.10247,0.452,0.74169,1
3331.5,2940.1,0.067043,0.036346,0.97394,1
3332.5,2940.7,0.036386,0.005373,1,1
3333.5,2941.3,0.006,0.001,1,1
3334.5,2941.9,0.0153,0.0016309,1,1
3335.5,2942.5,0.04035,0.00649,1,1
3336.5,2943,0.037071,0.0056031,1,1
3337.5,2943.6,0.13833,9.0293,0.82873,1
3338.5,2944.2,0.16813,0.097389,0.81924,1
3339.5,2944.8,0.093243,0.0066554,1,1
3340.5,2945.4,0.12355,0.02038,1,1
3341.5,2946,0.14183,0.083013,0.90613,1
3342.5,2946.6,0.11743,0.0055474,1,1
3343.5,2947.2,0.0961,0.0058188,0.97849,1
3344.5,2947.8,0.073867,0.0020523,1,1
3345.5,2948.5,0.090129,0.0044125,0.97262,1
3346.5,2949.1,0.061683,0.0010488,1,1
3347.5,2949.7,0.062643,0.0011255,1,1
3348.5,2950.3,0.060314,0.0011751,1,1
3349.5,2950.9,0.049217,0.001,1,1
3350.5,2951.5,0.084743,0.001718,1,1
3351.5,2952.1,0.08305,0.0014486,1,1
3352.5,2952.7,0.099971,0.0054062,1,1
3353.5,2953.3,0.094933,0.025156,1,1
3354.5,2953.9,0.093786,0.0041887,1,1
3355.5,2954.5,0.082767,0.00378,1,1
3356.5,2955.1,0.099129,0.0093737,0.98061,1
3357.5,2955.7,0.10377,0.0093844,1,1
3358.5,2956.3,0.09225,0.0063412,1,1
3359.5,2956.9,0.0885,0.0054335,1,1
3360.5,2957.5,0.094017,0.0067523,1,1
3361.5,2958.1,0.1524,0.07247,0.88143,1
3362.5,2958.7,0.11953,0.023516,0.98296,1
3363.5,2959.3,0.1167,0.047113,0.98398,1
3364.5,2959.9,0.079786,0.0057148,1,1
3365.5,2960.5,0.0888,0.0063512,1,1
3366.5,2961.1,0.094557,0.01259,0.97791,1
3367.5,2961.7,0.1111,0.026732,0.97478,1
3368.5,2962.3,0.11364,0.030189,0.95609,1
3369.5,2962.9,0.097783,0.013383,1,1
3370.5,2963.5,0.075486,0.0054241,1,1
3371.5,2964.1,0.082717,0.0051779,1,1
3372.5,2964.7,0.10536,0.0082059,0.98227,1
3373.5,2965.3,0.0871,0.0058043,1,1
3374.5,2965.9,0.080067,0.0069067,1,1
3375.5,2966.5,0.092471,0.0050645,1,1
3376.5,2967.1,0.06515,0.001016,1,1
3377.5,2967.7,0.084043,0.001579,1,1
3378.5,2968.3,0.10157,0.0056632,1,1
3379.5,2968.9,0.090643,0.0046643,1,1
3380.5,2969.5,0.1052,0.0058027,0.90317,1
3381.5,2970.1,0.1419,0.076554,0.50257,1
3382.5,2970.7,0.15234,0.046367,0.27741,1
3383.5,2971.3,0.16735,0.10625,0.80086,1
3384.5,2971.9,0.14766,0.043381,0.97652,1
3385.5,2972.5,0.17965,0.25461,0.73025,1
3386.5,2973.1,0.20424,7.4891,0.73007,1
3387.5,2973.7,0.20923,15.731,0.81103,1
3388.5,2974.3,0.18976,7.4055,0.85387,1
3389.5,2974.9,0.19561,7.4073,0.76656,1
3390.5,2975.5,0.19898,6.3632,0.70866,1
3391.5,2976.1,0.1969,4.1236,0.671,1
3392.5,2976.7,0.19353,1.7314,0.71573,1
3393.5,2977.3,0.17849,2.2424,0.80841,1
3394.5,2977.9,0.16693,3.3505,0.86248,1
3395.5,2978.5,0.16779,5.0045,0.84934,1
3396.5,2979.1,0.1634,4.129,0.84456,1
3397.5,2979.7,0.11128,0.49129,0.78724,1
3398.5,2980.3,0.077229,0.13455,0.99641,1
3399.5,2980.9,0.07545,0.15748,1,1
3400.5,2981.5,0.087714,0.24153,0.99028,1
3401.5,2982.1,0.15545,2.7729,0.66562,1
3402.5,2982.7,0.1707,4.8485,0.64618,1
3403.5,2983.3,0.16535,3.6869,0.69656,1
3404.5,2983.9,0.075529,0.16564,0.8497,1
3405.5,2984.5,0.065686,0.1064,1,1
3406.5,2985.1,0.102,0.20252,1,1
3407.5,2985.7,0.1142,0.32129,1,1
3408.5,2986.3,0.10128,0.054419,1,1
3409.5,2986.9,0.10087,0.035475,1,1
3410.5,2987.5,0.088467,0.02413,0.98691,1
3411.5,2988.1,0.1004,0.042162,0.76476,1
3412.5,2988.7,0.13714,0.19676,0.66777,1
3413.5,2989.3,0.1231,0.096015,0.84983,1
3414.5,2989.9,0.12929,0.12922,0.90286,1
3415.5,2990.5,0.1462,0.24187,0.85975,1
3416.5,2991.1,0.1421,0.17484,0.87319,1
3417.5,2991.7,0.12065,0.066384,0.9773,1
3418.5,2992.3,0.1231,0.07054,1,1
3419.5,2992.9,0.12458,0.071979,1,1
3420.5,2993.5,0.11641,0.026924,1,1
3421.5,2994.1,0.11567,0.028093,1,1
3422.5,2994.7,0.11225,0.016149,1,1
3423.5,2995.3,0.099571,0.014296,1,1
3424.5,2995.9,0.10137,0.016274,1,1
3425.5,2996.5,0.10363,0.020803,1,1
3426.5,2997.1,0.09055,0.011943,1,1
3427.5,2997.7,0.093571,0.012119,0.99502,1
3428.5,2998.3,0.094433,0.0091235,1,1
3429.5,2998.9,0.094129,0.013414,1,1
3430.5,2999.5,0.0968,0.014803,1,1
3431.5,3000.1,0.085633,0.013134,1,1
3432.5,3000.7,0.11683,0.047307,0.84632,1
3433.5,3001.3,0.14523,0.092409,0.64284,1
3434.5,3001.9,0.12323,0.024483,0.79345,1
3435.5,3002.5,0.12802,0.017825,0.93217,1
3436.5,3003.1,0.10707,0.0064115,1,1
3437.5,3003.7,0.084486,0.002469,1,1
3438.5,3004.3,0.09365,0.0015291,0.99292,1
3439.5,3004.9,0.0854,0.0024126,1,1
3440.5,3005.5,0.055817,0.0010447,1,1
3441.5,3006.1,0.17053,0.3602,0.94319,1
3442.5,3006.7,0.19667,4.8757,0.86785,1
3443.5,3007.3,0.19506,6.781,0.80173,1
3444.5,3007.9,0.1947,6.6371,0.78418,1
3445.5,3008.5,0.19191,7.6476,0.859,1
3446.5,3009.1,0.18529,5.4992,0.87581,1
3447.5,3009.7,0.1237,0.58711,1,1
3448.5,3010.3,0.1672,2.3422,0.91749,1
3449.5,3010.9,0.21385,12.844,0.73764,1
3450.5,3011.5,0.20784,11.079,0.85525,1
3451.5,3012.1,0.21122,9.1816,0.88118,1
3452.5,3012.7,0.20249,6.8448,0.90423,1
3453.5,3013.3,0.21556,12.849,0.86855,1
3454.5,3013.9,0.20678,8.6441,0.8899,1
3455.5,3014.5,0.21694,20.883,0.88317,1
3456.5,3015.2,0.21993,26.02,0.88117,1
3457.5,3015.8,0.214,15.791,0.89641,1
3458.5,3016.4,0.2182,20.116,0.91917,1
3459.5,3017,0.20276,7.6341,0.98992,1
3460.5,3017.6,0.063467,0.027397,1,1
3461.5,3018.2,0.17853,1.3774,0.86203,1
3462.5,3018.8,0.21156,4.2392,0.91471,1
3463.5,3019.4,0.20528,3.5684,0.97168,1
3464.5,3020,0.2458,22.487,0.90716,1
3465.5,3020.6,0.23932,16.61,0.94105,1
3466.5,3021.2,0.23699,6.522,0.90388,1
3467.5,3021.8,0.23177,5.3731,0.8601,1
3468.5,3022.4,0.2311,11.387,0.82352,1
3469.5,3023,0.21163,2.3833,0.82135,1
3470.5,3023.6,0.14723,0.13736,1,1
3471.5,3024.2,0.1421,0.046612,1,1
3472.5,3024.8,0.20642,0.39775,0.84257,1
3473.5,3025.4,0.22033,0.68737,0.76859,1
3474.5,3026,0.21727,0.60349,0.79002,1
3475.5,3026.6,0.21609,1.1098,0.82038,1
3476.5,3027.2,0.2171,1.2933,0.79823,1
3477.5,3027.8,0.21139,1.3682,0.76789,1
3478.5,3028.4,0.18141,0.33461,0.84041,1
3479.5,3029,0.16593,0.31913,0.80466,1
3480.5,3029.6,0.18291,0.80804,0.67031,1
3481.5,3030.2,0.22377,4.302,0.53572,1
3482.5,3030.8,0.22326,6.8302,0.61989,1
3483.5,3031.4,0.18593,1.8096,0.89538,1
3484.5,3032,0.19483,1.6578,0.57879,1
3485.5,3032.6,0.23811,7.2079,0.41674,1
3486.5,3033.2,0.23772,5.7787,0.45993,1
3487.5,3033.8,0.22869,3.1916,0.68251,1
3488.5,3034.4,0.19213,0.40065,0.94313,1
3489.5,3035,0.20957,1.8189,0.95584,1
3490.5,3035.7,0.24742,18.505,0.93075,1
3491.5,3036.3,0.249,14.958,0.93196,1
3492.5,3036.9,0.22913,5.4262,0.95048,1
3493.5,3037.5,0.24511,12.237,0.92563,1
3494.5,3038.1,0.24324,15.14,0.967,1
3495.5,3038.7,0.23712,8.3115,0.86598,1
3496.5,3039.3,0.19397,0.94912,0.92401,1
3497.5,3039.9,0.19535,0.614,0.9478,1
3498.5,3040.5,0.21764,1.1841,0.89428,1
3499.5,3041.1,0.22407,2.4144,0.82195,1
3500.5,3041.7,0.22417,7.4745,0.79282,1
3501.5,3042.3,0.22017,6.5556,0.66479,1
3502.5,3042.9,0.18148,0.96767,0.78458,1
3503.5,3043.5,0.19616,1.8487,0.75546,1
3504.5,3044.1,0.21547,3.0583,0.68654,1
3468,2829.2,0.1352,66.228,0.43747,0.26866
3469,2829.6,0.0703,45.057,0.56669,0.26372
3470,2829.9,0.1378,154.78,0.24601,0.25095
3471,2830.2,0.2373,966.06,0.12137,0.21686
3472,2830.5,0.2396,1134.3,0.12109,0.21446
3473,2830.8,0.2424,1071.5,0.11468,0.21562
3474,2831.2,0.2352,848.47,0.117,0.21877
3475,2831.5,0.2338,788.67,0.113,0.21976
3476,2831.8,0.2382,1080.6,0.10411,0.21529
3477,2832.1,0.2329,790.8,0.10956,0.21972
3478,2832.4,0.23,889.3,0.10462,0.21786
3479,2832.7,0.2356,1314.5,0.094596,0.21184
3480,2833.1,0.2396,1247.7,0.092296,0.2131
3481,2833.4,0.2401,1243.4,0.093802,0.21323
3482,2833.7,0.2379,868.12,0.09558,0.21883
3483,2833.9,0.2394,904.82,0.096696,0.21834
3484,2834.2,0.2381,1221.5,0.098091,0.21349
3485,2834.5,0.2285,994.8,0.10617,0.21623
3486,2834.8,0.2295,871.06,0.11015,0.21836
3487,2835.1,0.2387,906.56,0.1066,0.21837
3488,2835.4,0.2296,687.59,0.10947,0.22171
3489,2835.7,0.2202,797.81,0.11097,0.21912
3490,2836,0.2161,828.06,0.11179,0.21832
3491,2836.3,0.2134,940.67,0.1096,0.21621
3492,2836.6,0.2113,766.75,0.11333,0.21917
3493,2836.9,0.1969,601.97,0.11642,0.22156
3494,2837.2,0.2165,680.8,0.1083,0.22121
3495,2837.5,0.2295,781.77,0.10621,0.22014
3496,2837.8,0.1832,321.52,0.132,0.23945
3497,2838.1,0.2303,621.49,0.10011,0.22419
3498,2838.4,0.2718,653.64,0.10408,0.22869
3499,2838.7,0.2768,531.86,0.1001,0.23667
3500,2839,0.2705,483.58,0.1011,0.23909
3501,2839.3,0.2714,447.44,0.094596,0.2417
3502,2839.5,0.2751,331.48,0.090896,0.25069
3503,2839.8,0.2867,215.44,0.092075,0.26179
3504,2840.1,0.2502,51.308,0.10731,0.30412
3505,2840.4,0.2271,13.377,0.12666,0.34352
3506,2840.7,0.1899,0.82013,0.19734,0.47251
3507,2841,0.1398,0.1479,0.3227,0.55558
3508,2841.3,0.1436,0.15356,0.31467,0.55486
3509,2841.6,0.176,0.73863,0.21989,0.47427
3510,2841.9,0.1844,1.9995,0.19603,0.41267
3511,2842.2,0.1805,1.2633,0.18893,0.44489
3512,2842.5,0.216,13.819,0.1527,0.3393
3513,2842.8,0.2412,58.81,0.13267,0.29847
3514,2843.1,0.251,101.93,0.12285,0.27674
3515,2843.4,0.2592,159.29,0.11243,0.26618
3516,2843.7,0.2643,195.36,0.11482,0.26263
3517,2844,0.2573,191.3,0.12829,0.26255
3518,2844.3,0.2462,122.88,0.13115,0.26994
3519,2844.6,0.2064,9.8573,0.14418,0.35679
3520,2844.9,0.186,1.9551,0.19467,0.41669
3521,2845.1,0.1821,1.527,0.21866,0.43383
3522,2845.4,0.2025,3.2944,0.10684,0.40107
3523,2845.6,0.2194,13.757,0.072702,0.34175
3524,2845.9,0.2519,92.821,0.068834,0.28215
3525,2846.1,0.2617,116.27,0.091633,0.27326
3526,2846.3,0.2723,247.99,0.11077,0.25854
3527,2846.6,0.2649,261.75,0.13831,0.25671
3528,2846.8,0.2565,175.45,0.28543,0.26457
3529,2847.1,0.2607,232.95,0.37773,0.25906
3530,2847.3,0.2613,287.99,0.43246,0.25421
3531,2847.6,0.2579,256.63,0.48266,0.25669
3532,2847.8,0.2632,314.85,0.50149,0.25224
3533,2848,0.261,437.31,0.5299,0.24292
3534,2848.3,0.2641,418.53,0.50967,0.24462
3535,2848.5,0.2599,411.59,0.48697,0.24469
3536,2848.8,0.258,424.78,0.48851,0.24358
3537,2849,0.2548,329.13,0.49949,0.25045
3538,2849.3,0.2542,241.42,0.4989,0.25802
3539,2849.5,0.2364,35.144,0.39799,0.31619
3540,2849.7,0.2086,7.9472,0.33593,0.36969
3541,2850,0.1771,1.0998,0.38797,0.45555
3542,2850.2,0.1697,2.1266,0.35653,0.40947
3543,2850.5,0.1636,1.8095,0.3401,0.41553
3544,2850.7,0.1593,1.1443,0.36373,0.44676
3545,2850.9,0.1073,0.13761,0.53347,0.5447
3546,2851.2,0.0796,0.0225,0.75412,0.63882
3547,2851.4,0.0994,0.011572,0.65117,0.73315
3548,2851.7,0.1301,0.048669,0.49894,0.62534
3549,2851.9,0.1821,0.19642,0.38312,0.5597
3550,2852.2,0.1929,0.6536,0.35818,0.48764
3551,2852.4,0.1908,0.40962,0.3555,0.50571
3552,2852.6,0.1849,0.27472,0.3476,0.53239
3553,2852.9,0.1903,0.37292,0.34553,0.50895
3554,2853.1,0.1713,0.22656,0.40352,0.54325
3555,2853.4,0.1185,0.073847,0.55177,0.59863
3556,2853.6,0.0953,0.037619,0.69281,0.62339
3557,2853.9,0.1325,0.076824,0.57325,0.6031
3558,2854.1,0.1036,0.033589,0.7303,0.63254
3559,2854.3,0.0542,0.0323,0.96753,0.60168
3560,2854.6,0.0719,0.046399,0.75016,0.59699
3561,2854.8,0.1341,0.048952,0.50955,0.62744
3562,2855,0.1198,0.067511,0.56532,0.60518
3563,2855.2,0.1253,0.058278,0.55712,0.61571
3564,2855.4,0.1771,0.15293,0.40781,0.57815
3565,2855.6,0.1878,0.22582,0.39078,0.55279
3566,2855.7,0.16,0.59689,0.38279,0.48438
3567,2855.9,0.162,1.7668,0.30036,0.41949
3568,2856.1,0.1666,4.2431,0.27655,0.38824
3569,2856.3,0.1583,6.5973,0.25373,0.36749
3570,2856.5,0.1684,14.678,0.21141,0.33063
3571,2856.6,0.1666,10.914,0.20819,0.34345
3572,2856.8,0.1602,4.8701,0.22059,0.38154
3573,2857,0.1298,1.106,0.24315,0.43814
3574,2857.2,0.1591,3.0602,0.19993,0.39823
3575,2857.4,0.1681,5.0268,0.21854,0.38235
3576,2857.5,0.1839,18.304,0.24877,0.32785
3577,2857.7,0.1789,14.557,0.25628,0.33226
3578,2857.9,0.1721,12.658,0.25315,0.33687
3579,2858.1,0.1662,13.214,0.25276,0.33278
3580,2858.3,0.1693,15.624,0.24819,0.32965
3581,2858.4,0.1794,23.919,0.24087,0.32081
3582,2858.6,0.1816,21.335,0.24455,0.32407
3583,2858.8,0.1713,13.224,0.25096,0.33418
3584,2859,0.1658,7.2375,0.25386,0.36613
3585,2859.2,0.1656,6.1669,0.29879,0.37356
3586,2859.3,0.1251,0.20228,0.46714,0.5286
3587,2859.5,0.1549,0.2498,0.39684,0.52897
3588,2859.7,0.1663,0.54101,0.35434,0.49156
3589,2859.9,0.1194,0.5,0.42092,0.48027
3590,2860.1,0.2247,8.0098,0.23898,0.37576
3591,2860.2,0.2515,14.116,0.22251,0.35365
3592,2860.4,0.2539,14.846,0.22628,0.35146
3593,2860.6,0.2514,14.22,0.22939,0.35336
3594,2860.8,0.2497,11.535,0.23287,0.36396
3595,2861,0.2512,11.697,0.232,0.36362
3596,2861.1,0.2479,9.6834,0.22749,0.37202
3597,2861.3,0.2421,8.0273,0.2252,0.37921
3598,2861.5,0.2446,7.7082,0.24851,0.38135
3599,2861.7,0.1857,1.7534,0.34319,0.43315
3600,2861.9,0.1889,0.9756,0.30323,0.4704
3601,2862,0.1845,0.81682,0.31023,0.47828
3602,2862.2,0.1859,1.0199,0.33187,0.46728
3603,2862.3,0.1962,1.111,0.33317,0.46559
3604,2862.4,0.1989,0.97617,0.3378,0.47325
3605,2862.5,0.1978,0.94167,0.35222,0.47484
3606,2862.6,0.2174,2.7856,0.33244,0.41106
3607,2862.8,0.2066,1.8072,0.37566,0.43901
3608,2862.9,0.174,0.76316,0.44198,0.47902
3609,2863,0.1593,0.28083,0.47239,0.52263
3610,2863.1,0.177,0.4967,0.41143,0.49848
3611,2863.2,0.1109,0.14326,0.5661,0.55112
3612,2863.4,0.0751,0.047846,0.80743,0.60131
3613,2863.5,0.0943,0.10868,0.6267,0.56059
3614,2863.6,0.1011,0.97346,0.37009,0.43269
3615,2863.7,0.1911,18.069,0.12725,0.32993
3616,2863.8,0.2039,30.566,0.099205,0.31864
3617,2863.9,0.2067,39.537,0.094592,0.31154
3618,2864.1,0.199,13.776,0.096178,0.34316
3619,2864.2,0.1941,4.6456,0.098692,0.39246
3620,2864.3,0.1944,3.1091,0.097974,0.40532
3621,2864.4,0.1947,2.7817,0.097675,0.40849
3622,2864.5,0.2034,7.9075,0.09337,0.37327
3623,2864.7,0.2007,7.0171,0.096274,0.37793
3624,2864.8,0.1916,6.3383,0.10826,0.38028
3625,2864.9,0.1606,1.084,0.17556,0.45653
3626,2865,0.1112,0.28635,0.35269,0.50221
3627,2865.1,0.0632,0.089353,0.33499,0.54448
3628,2865.2,0.0778,0.19208,0.24133,0.50381
3629,2865.4,0.1324,0.62032,0.20175,0.47661
3630,2865.5,0.1214,0.67537,0.24234,0.46775
3631,2865.6,0.102,0.29841,0.45871,0.49751
3632,2865.7,0.0848,0.11683,0.74113,0.54708
3633,2865.8,0.1036,0.2307,0.6549,0.50757
3634,2866,0.1089,0.63984,0.66715,0.46494
3635,2866.1,0.17,3.9779,0.37433,0.3937
3636,2866.2,0.1872,5.8894,0.32489,0.38272
3637,2866.3,0.15,0.3782,0.47096,0.50331
3638,2866.4,0.1305,0.33295,0.55199,0.50291
3639,2866.5,0.184,1.1237,0.3702,0.463
3640,2866.7,0.1686,4.4213,0.30942,0.3898
3641,2866.8,0.1768,10.169,0.22999,0.35475
3642,2866.9,0.1864,10.388,0.23899,0.35647
3643,2866.9,0.1846,11.216,0.25662,0.3518
3644,2867,0.188,15.529,0.22666,0.3334
3645,2867,0.1962,23.515,0.19619,0.32499
3646,2867.1,0.1885,14.83,0.19612,0.33657
3647,2867.1,0.1893,9.473,0.17996,0.36213
3648,2867.2,0.1923,14.106,0.18947,0.34095
3649,2867.2,0.1932,10.535,0.21458,0.35776
3650,2867.3,0.1964,8.5398,0.23644,0.36902
3651,2867.3,0.1769,2.1843,0.29064,0.4158
3652,2867.4,0.1453,1.0219,0.42026,0.4551
3653,2867.5,0.2054,4.7563,0.33553,0.39439
3654,2867.5,0.2176,8.497,0.31126,0.37399
3655,2867.6,0.2165,5.9544,0.3283,0.38827
3656,2867.6,0.1934,2.2882,0.39281,0.41933
3657,2867.7,0.1984,1.4991,0.39236,0.45081
3658,2867.7,0.193,1.4738,0.42705,0.45017
3659,2867.8,0.219,18.473,0.41643,0.33292
3660,2867.8,0.2228,46.555,0.41572,0.3096
3661,2867.9,0.2128,75.139,0.4067,0.29043
3662,2868,0.2278,385.29,0.35305,0.24655
3663,2868,0.2125,503.07,0.39801,0.23617
3664,2868.1,0.224,636.53,0.35335,0.22976
3665,2868.1,0.2213,682.8,0.2984,0.22669
3666,2868.2,0.2255,727.57,0.21888,0.22497
3667,2868.2,0.228,727.65,0.1395,0.22541
3668,2868.3,0.2328,963.95,0.1122,0.22025
3669,2868.3,0.2297,799.36,0.10069,0.22256
3670,2868.4,0.2342,1066.5,0.091567,0.21891
3671,2868.4,0.2406,1046.9,0.088606,0.21957
3672,2868.5,0.2361,802.1,0.090102,0.22302
3673,2868.6,0.2349,599.34,0.094989,0.23374
3674,2868.6,0.2336,847.24,0.10101,0.22205
3675,2868.7,0.2384,858.79,0.10289,0.22215
3676,2868.7,0.2425,1077.9,0.098174,0.2193
3677,2868.8,0.2426,1074.4,0.099383,0.21935
3678,2868.8,0.2459,1405.5,0.099591,0.21547
3679,2868.9,0.2431,1321.2,0.097903,0.21629
3680,2868.9,0.2408,1133.8,0.096395,0.21848
3681,2869,0.238,1110.3,0.099499,0.21862
3682,2869,0.2381,976.72,0.1002,0.22045
3683,2869,0.2376,1005.9,0.099699,0.22002
3684,2869.1,0.2423,1189,0.095081,0.21788
3685,2869.1,0.2419,1082.6,0.0965,0.21923
3686,2869.1,0.2441,1070.3,0.09709,0.21953
3687,2869.1,0.2358,567.17,0.099699,0.23589
3688,2869.1,0.2319,490.06,0.099897,0.24012
3689,2869.1,0.2336,642.91,0.0978,0.2312
3690,2869.1,0.2361,909.09,0.098903,0.22132
3691,2869.1,0.2386,869,0.098693,0.22205
3692,2869.1,0.2405,989.32,0.098696,0.22042
3693,2869.2,0.2434,1108.8,0.098399,0.21899
3694,2869.2,0.2432,963.28,0.097898,0.22094
3695,2869.2,0.2376,1004.3,0.099894,0.22005
3696,2869.2,0.2444,1072.5,0.098895,0.21953
3697,2869.2,0.2428,1036.7,0.099487,0.21991
3698,2869.2,0.2418,1070,0.097899,0.21941
3699,2869.2,0.2385,1341.3,0.098984,0.21578
3700,2869.2,0.2383,1302.2,0.099899,0.21624
3701,2869.3,0.2341,940.21,0.1025,0.22076
3702,2869.3,0.2339,906.57,0.10229,0.22124
3703,2869.3,0.2416,1066.3,0.098797,0.21945
3704,2869.3,0.2341,1031.2,0.1008,0.21948
3705,2869.3,0.2356,1093.4,0.1003,0.21873
3706,2869.3,0.2348,1042.3,0.1008,0.21937
3707,2869.3,0.2326,870.17,0.10279,0.22171
3708,2869.3,0.2329,762.27,0.1021,0.22473
3709,2869.3,0.2333,974.7,0.099899,0.22023
3710,2869.4,0.2363,1408.8,0.099201,0.21484
3711,2869.4,0.2373,1479.7,0.099094,0.21409
3712,2869.4,0.2384,1187.1,0.10129,0.21769
3713,2869.4,0.2322,914.57,0.1048,0.22104
3714,2869.4,0.2301,591.83,0.10547,0.23366
3715,2869.4,0.2286,772.56,0.10608,0.22348
3716,2869.4,0.2384,949.85,0.098388,0.22089
3717,2869.4,0.2379,1038.6,0.098098,0.21962
3718,2869.4,0.237,1344.6,0.098297,0.21566
3719,2869.5,0.237,1135.5,0.098299,0.21828
3720,2869.5,0.2352,1333.8,0.097099,0.21567
3721,2869.5,0.2314,1108.4,0.098285,0.21828
3722,2869.5,0.2319,940.74,0.099592,0.22065
3723,2869.5,0.227,968.99,0.1027,0.21995
3724,2869.5,0.2292,900.78,0.1026,0.22108
3725,2869.5,0.2274,794.32,0.1037,0.22262
3726,2869.5,0.2318,1027.9,0.10249,0.21941
3727,2869.5,0.2367,1034.1,0.1011,0.21962
3728,2869.5,0.2353,1112.1,0.10148,0.21849
3729,2869.5,0.2328,1252.8,0.1026,0.21652
3730,2869.6,0.2337,1220.8,0.1013,0.21698
3731,2869.6,0.2313,1265.2,0.1014,0.21626
3732,2869.6,0.2321,1190.6,0.10218,0.21726
3733,2869.6,0.2268,1130.5,0.1026,0.2177
3734,2869.6,0.2277,1079.4,0.1021,0.21845
3735,2869.6,0.2307,1070.3,0.1019,0.21877
3736,2869.6,0.2323,1207.1,0.10219,0.21707
3737,2869.6,0.2305,1208.6,0.10336,0.21693
3738,2869.6,0.2219,973.77,0.1083,0.21957
3739,2869.6,0.229,1062.4,0.10629,0.21877
3740,2869.6,0.2305,955.07,0.10678,0.22037
3741,2869.6,0.2295,1128.9,0.10519,0.2179
3742,2869.6,0.2342,1648.9,0.10079,0.21201
3743,2869.7,0.2306,1528.7,0.1021,0.21308
3744,2869.7,0.2284,1326.2,0.10326,0.21531
3745,2869.7,0.232,1369.2,0.10148,0.21505
3746,2869.7,0.233,1616.4,0.10279,0.21228
3747,2869.7,0.2323,1401.5,0.10179,0.21468
3748,2869.7,0.2293,1548.8,0.1015,0.21276
3749,2869.7,0.2297,1487.1,0.101,0.21349
3750,2869.7,0.2285,1300.6,0.10159,0.21564
3751,2869.7,0.2329,1470.9,0.1009,0.21392
3752,2869.7,0.2326,1521.8,0.10099,0.21332
3753,2869.7,0.233,1317.5,0.10089,0.21575
3754,2869.7,0.2356,1464.2,0.098871,0.2142
3755,2869.8,0.2375,1544.7,0.097389,0.21342
3756,2869.8,0.2299,1250.8,0.1006,0.21637
3757,2869.8,0.2299,1351.6,0.1014,0.21512
3758,2869.8,0.2333,953.22,0.10129,0.22058
3759,2869.8,0.225,950.7,0.1027,0.22012
3760,2869.8,0.2263,1057.8,0.102,0.21868
3761,2869.8,0.2298,1224,0.099487,0.21671
3762,2869.8,0.2297,860.75,0.099895,0.22174
3763,2869.8,0.2298,895.69,0.099899,0.22122
3764,2869.8,0.2294,641.21,0.1003,0.23082
3765,2869.9,0.2323,853.22,0.1005,0.222
3766,2869.9,0.2273,917.81,0.10159,0.22075
3767,2869.9,0.2293,966.11,0.099476,0.22017
3768,2869.9,0.2389,1286.8,0.096291,0.21654
3769,2869.9,0.2431,1275.9,0.095299,0.21695
3770,2869.9,0.2393,1052.5,0.096895,0.21957
3771,2870,0.2318,614.59,0.098305,0.23273
3772,2870,0.2337,863.27,0.095498,0.22194
3773,2870,0.2376,993.65,0.095791,0.22028
3774,2870,0.2398,1169.9,0.095888,0.21807
3775,2870,0.2369,1076.3,0.095694,0.21911
3776,2870,0.2309,988.55,0.095789,0.21996
3777,2870,0.2368,1094.4,0.093387,0.21887
3778,2870.1,0.2388,917.87,0.094494,0.22143
3779,2870.1,0.2384,1060.6,0.095197,0.21942
3780,2870.1,0.2342,1079.8,0.096192,0.21891
3781,2870.1,0.2346,1034.7,0.095397,0.21954
3782,2870.1,0.2353,879.95,0.096698,0.22179
3783,2870.1,0.2319,907.45,0.099495,0.2212
3784,2870.2,0.2386,1143.1,0.096298,0.21835
3785,2870.2,0.2391,1016.5,0.095696,0.22007
3786,2870.2,0.2391,1034.5,0.096202,0.21982
3787,2870.2,0.2399,1068.6,0.094577,0.21941
3788,2870.2,0.2421,1149.1,0.096095,0.2185
3789,2870.2,0.2436,1223.2,0.098599,0.21766
3790,2870.3,0.2365,730.58,0.1025,0.22721
3791,2870.3,0.2281,750.09,0.1057,0.2248
3792,2870.3,0.2276,917.85,0.10497,0.2208
3793,2870.3,0.234,1319.3,0.10179,0.21586
3794,2870.3,0.2334,1191.6,0.101,0.21741
3795,2870.3,0.2327,1355.3,0.10119,0.21534
3796,2870.3,0.2309,1334.5,0.10108,0.21547
3797,2870.4,0.2353,1846.1,0.098187,0.21011
3798,2870.4,0.2324,1565.4,0.098583,0.21289
3799,2870.4,0.232,943.07,0.10189,0.22071
3800,2870.4,0.2265,887.28,0.10739,0.22121
3801,2870.4,0.2257,907.43,0.10999,0.22086
3802,2870.4,0.2319,1015.8,0.1069,0.21968
3803,2870.5,0.2293,1133.6,0.10779,0.21792
3804,2870.5,0.2255,1090.9,0.10689,0.21824
3805,2870.5,0.2312,1380,0.106,0.21496
3806,2870.5,0.2312,1298.9,0.1098,0.21594
3807,2870.5,0.2284,1345.1,0.11697,0.21518
3808,2870.6,0.2245,1036.7,0.11918,0.21893
3809,2870.6,0.1868,487.84,0.14471,0.23342
3810,2870.6,0.0202,0.35428,1,0.40391
3811,2870.6,0.02,0.011207,1,0.61141
3812,2870.7,0.0594,0.0029612,0.89408,0.80153
3813,2870.7,0.0706,0.030064,0.98873,0.62529
3814,2870.7,0.0203,0.011321,1,0.61169
3815,2870.7,0.02,0.0099303,1,0.61778
3816,2870.7,0.02,0.021361,1,0.57031
3817,2870.8,0.02,0.022399,1,0.56674
3818,2870.8,0.02,0.021966,1,0.56823
3819,2870.8,0.02,0.030155,1,0.54227
3820,2870.8,0.02,0.034047,1,0.53119
3821,2870.8,0.02,0.040117,1,0.51511
3822,2870.9,0.02,0.034932,1,0.52879
3823,2870.9,0.02,0.072591,1,0.49017
3824,2870.9,0.02,0.15631,1,0.4501
3825,2870.9,0.02,0.29517,1,0.40883
3826,2870.9,0.02,0.68032,1,0.38089
3827,2871,0.02,0.3441,1,0.40454
3828,2871,0.02,0.71013,1,0.37913
3829,2871,0.02,1.2699,1,0.35093
3830,2871,0.02,1.5034,1,0.34109
3831,2871.1,0.02,1.6176,1,0.33656
3832,2871.1,0.02,0.93949,1,0.3666
3833,2871.1,0.02,1.5458,1,0.33942
3834,2871.1,0.02,0.93548,1,0.36682
3835,2871.1,0.02,1.3461,1,0.34767
3836,2871.2,0.02,1.1751,1,0.35524
3837,2871.2,0.02,0.95105,1,0.36604
3838,2871.2,0.02,0.90654,1,0.36834
3839,2871.2,0.02,0.81764,1,0.37309
3840,2871.2,0.02,1.2232,1,0.35309
3841,2871.3,0.02,0.63133,1,0.38398
3842,2871.3,0.02,0.31034,1,0.40753
3843,2871.3,0.0249,0.47143,1,0.40176
3844,2871.4,0.0202,0.42305,1,0.39862
3845,2871.5,0.0226,0.53088,1,0.39485
3846,2871.5,0.0201,0.604,1,0.38597
3847,2871.6,0.0214,0.9471,1,0.36958
3848,2871.6,0.02,1.4956,1,0.34167
3849,2871.7,0.02,1.9552,0.9755,0.33041
3850,2871.8,0.02,3.1263,1,0.319
3851,2871.8,0.02,3.5265,1,0.31562
3852,2871.9,0.02,1.6812,1,0.3345
3853,2872,0.02,0.71682,1,0.37903
3854,2872,0.0375,0.77865,1,0.39904
3855,2872.1,0.035,0.61745,1,0.40404
3856,2872.2,0.0494,0.62352,1,0.41673
3857,2872.2,0.0427,0.60931,1,0.40998
3858,2872.3,0.0394,0.50697,1,0.41526
3859,2872.4,0.0835,0.64233,0.93872,0.45173
3860,2872.4,0.0901,0.37122,0.92712,0.48506
3861,2872.5,0.0876,0.16788,0.84881,0.52089
3862,2872.6,0.0646,0.11246,0.7274,0.53024
3863,2872.6,0.1022,0.1521,0.4228,0.54456
3864,2872.7,0.116,0.14173,0.37241,0.56103
3865,2872.8,0.1002,0.15552,0.31168,0.54093
3866,2872.8,0.1115,0.88636,0.23827,0.44988
3867,2872.9,0.1316,1.3124,0.2213,0.43478
3868,2873,0.1373,4.5025,0.33183,0.38295
3869,2873,0.1237,1.0882,0.57785,0.44342
3870,2873.1,0.0355,0.41355,1,0.42348
3871,2873.2,0.058,0.73209,1,0.41728
3872,2873.2,0.0545,0.95504,1,0.40447
3873,2873.3,0.0554,0.65156,1,0.42286
3874,2873.4,0.0618,0.54069,1,0.44394
3875,2873.4,0.066,0.56189,1,0.44576
3876,2873.5,0.0622,0.61554,1,0.43562
3877,2873.6,0.056,0.48574,1,0.4446
3878,2873.6,0.0446,0.51874,1,0.42389
3879,2873.7,0.0384,0.67221,1,0.4046
3880,2873.8,0.0294,0.851,1,0.38798
3881,2873.8,0.0256,0.71435,1,0.38936
3882,2873.9,0.02,0.63502,1,0.38448
3883,2874,0.0512,0.47004,1,0.44101
3884,2874,0.0846,0.90904,1,0.43
3885,2874.1,0.1035,1.6959,0.985,0.40658
3886,2874.3,0.1042,3.3421,0.92018,0.38419
3887,2874.4,0.095,1.644,0.90841,0.40507
3888,2874.5,0.0896,0.73513,0.98955,0.44862
3889,2874.6,0.0675,0.60735,1,0.44267
3890,2874.7,0.0319,0.45517,1,0.41044
3891,2874.8,0.0368,0.44407,1,0.42173
3892,2875,0.0296,0.48771,1,0.40658
3893,2875.1,0.02,0.35041,1,0.40486
3894,2875.2,0.0464,4.0511,0.43542,0.33355
3895,2875.3,0.1064,33.333,0.20701,0.29727
3896,2875.4,0.1459,188.21,0.13884,0.25502
3897,2875.5,0.1546,155.87,0.12291,0.26064
3898,2875.7,0.1762,203.51,0.12077,0.25765
3899,2875.8,0.1708,232.52,0.10729,0.25377
3900,2875.9,0.1818,414.62,0.094171,0.23921
3901,2876,0.2065,931.47,0.080727,0.21982
3902,2876.1,0.2189,1292.2,0.077,0.21578
3903,2876.3,0.216,1137.7,0.077817,0.21758
3904,2876.4,0.2089,658.13,0.061489,0.2281
3905,2876.5,0.2113,661.7,0.054996,0.22836
3906,2876.6,0.2128,598.62,0.062586,0.2323
3907,2876.7,0.2169,868.89,0.083125,0.2215
3908,2876.8,0.2232,989.26,0.10119,0.22014
3909,2877,0.2214,780.62,0.11219,0.22391
3910,2877.1,0.2291,1066.4,0.1152,0.21948
3911,2877.2,0.2296,1267.7,0.1139,0.21696
3912,2877.3,0.2324,1893.5,0.1094,0.21032
3913,2877.4,0.2336,1325.7,0.10549,0.21655
3914,2877.5,0.2317,1037.9,0.10439,0.22007
3915,2877.7,0.2303,1020.9,0.1041,0.22022
3916,2877.8,0.2392,1515,0.099185,0.21483
3917,2877.9,0.2384,1594.2,0.098698,0.21393
3918,2878,0.2359,1441,0.0984,0.21545
3919,2878.1,0.2316,1094.4,0.10189,0.21937
3920,2878.2,0.2399,1289.9,0.1038,0.21748
3921,2878.4,0.2318,1207.3,0.11369,0.21797
3922,2878.5,0.2329,917.07,0.11341,0.22189
3923,2878.6,0.2426,1531.4,0.11166,0.21498
3924,2878.7,0.2444,1652,0.11167,0.21385
3925,2878.8,0.2365,1425.7,0.11539,0.21576
3926,2879,0.2367,1331.3,0.1162,0.21687
3927,2879.1,0.2317,1543,0.11468,0.21415
3928,2879.3,0.2322,1375.8,0.1137,0.21609
3929,2879.4,0.2375,1414.1,0.11229,0.21603
3930,2879.6,0.2368,1796.6,0.1089,0.21194
3931,2879.7,0.2352,1443.9,0.10599,0.21557
3932,2879.9,0.2375,1840.6,0.1082,0.21159
3933,2880.1,0.2333,1536.6,0.11466,0.21445
3934,2880.2,0.1987,159.74,0.12245,0.26583
3935,2880.4,0.0991,0.28449,0.43081,0.50219
3936,2880.5,0.0708,0.014415,0.95157,0.70002
3937,2880.7,0.0995,0.069196,0.68163,0.6033
3938,2880.8,0.1424,0.36261,0.37852,0.50659
3939,2881,0.1761,1.7538,0.29555,0.43888
3940,2881.1,0.1731,0.97208,0.32795,0.47308
3941,2881.3,0.152,0.34948,0.45392,0.51015
3942,2881.4,0.0938,0.079859,0.77037,0.59128
3943,2881.6,0.1031,0.013203,0.79096,0.74238
3944,2881.7,0.0579,0.0048728,1,0.77263
3945,2881.9,0.055,0.001,1,0.94068
3946,2882,0.0207,0.0031997,1,0.72694
3947,2882.2,0.0413,0.0041206,1,0.76139
3948,2882.3,0.0346,0.0045186,1,0.74125
3949,2882.5,0.036,0.023293,1,0.60816
3950,2882.6,0.0327,0.06074,1,0.53092
3951,2882.8,0.034,1.1774,0.7373,0.38358
3952,2882.9,0.1927,377.44,0.1218,0.24539
3953,2883.1,0.2287,1118.3,0.10668,0.2194
3954,2883.2,0.2281,964.03,0.1027,0.22142
3955,2883.4,0.2277,1054.6,0.10138,0.22019
3956,2883.5,0.2252,1146.3,0.10399,0.21887
3957,2883.7,0.2241,1270.9,0.1055,0.21727
3958,2883.8,0.2231,1174,0.1072,0.21841
3959,2884,0.2195,761.47,0.1111,0.22653
3960,2884.1,0.2205,666.58,0.10738,0.23168
3961,2884.3,0.2272,689.5,0.10609,0.23158
3962,2884.4,0.2178,654.14,0.1118,0.23199
3963,2884.6,0.2294,1206.1,0.10859,0.2185
3964,2884.7,0.2314,1313.2,0.10888,0.21738
3965,2884.9,0.2263,983.51,0.1103,0.22121
3966,2885.1,0.2283,999.3,0.1116,0.22113
3967,2885.3,0.2333,1075.4,0.1089,0.22045
3968,2885.5,0.2284,1087.7,0.1096,0.22002
3969,2885.7,0.2276,1072.5,0.1107,0.22018
3970,2885.9,0.2254,1099.1,0.1135,0.21973
3971,2886.1,0.2252,949.82,0.1151,0.22172
3972,2886.3,0.2218,760.72,0.12009,0.22761
3973,2886.4,0.2153,654.6,0.12071,0.23208
3974,2886.6,0.2138,671.9,0.1181,0.23095
3975,2886.8,0.2177,755.04,0.11589,0.22735
3976,2887,0.2263,657.22,0.1139,0.23385
3977,2887.2,0.2222,634.53,0.11426,0.23448
3978,2887.4,0.1984,403.4,0.12195,0.24527
3979,2887.6,0.1533,210.11,0.14697,0.25569
3980,2887.8,0.1418,145.69,0.15441,0.26211
3981,2888,0.1272,126.25,0.1682,0.26284
3982,2888.2,0.1501,194.9,0.15184,0.25706
3983,2888.4,0.157,256.76,0.1482,0.25144
3984,2888.6,0.1538,195.03,0.15421,0.25767
3985,2888.8,0.1563,189.13,0.15077,0.25876
3986,2888.9,0.1529,128.9,0.14942,0.26615
3987,2889.1,0.1669,190.75,0.13823,0.26007
3988,2889.3,0.1763,241.07,0.13304,0.25605
3989,2889.5,0.1738,258.33,0.13817,0.25407
3990,2889.7,0.1571,215.61,0.15248,0.25603
3991,2889.9,0.1956,470.07,0.12932,0.2408
3992,2890.1,0.2248,203.96,0.11517,0.26492
3993,2890.3,0.2377,41.419,0.11087,0.3197
3994,2890.5,0.221,129.62,0.13884,0.2748
3995,2890.7,0.2226,521.38,0.098767,0.24177
3996,2890.9,0.2572,1183.4,0.10976,0.22104
3997,2891.1,0.2574,1098.3,0.10788,0.22205
3998,2891.2,0.2581,1007.6,0.11611,0.22404
3999,2891.4,0.2607,830.74,0.12721,0.23174
4000,2891.6,0.2593,430.35,0.14129,0.25169
4001,2891.8,0.219,53.974,0.20175,0.30987
4002,2892,0.2491,168.31,0.11062,0.27042
4003,2892.2,0.2593,300.52,0.09622,0.26027
4004,2892.4,0.2504,144.02,0.083346,0.27646
4005,2892.6,0.211,94.095,0.2256,0.28813
4006,2892.8,0.1722,198.74,0.16759,0.26046
4007,2893.1,0.0672,41.652,0.3134,0.27302
4008,2893.3,0.1182,105.19,0.217,0.26575
4009,2893.5,0.1329,92.155,0.19671,0.27018
4010,2893.8,0.1123,84.966,0.20999,0.26874
4011,2894,0.15,213.41,0.15959,0.25595
4012,2894.2,0.1441,174.3,0.15811,0.25968
4013,2894.5,0.1615,192.51,0.14493,0.26004
4014,2894.7,0.1557,151.08,0.16185,0.2643
4015,2894.9,0.1364,112.08,0.17898,0.26744
4016,2895.2,0.1508,148.33,0.16759,0.2641
4017,2895.4,0.1531,193.34,0.16726,0.25893
4018,2895.7,0.1474,180.24,0.17515,0.25968
4019,2895.9,0.1901,381.59,0.14106,0.24746
4020,2896.1,0.2042,204.42,0.12923,0.2639
4021,2896.4,0.2028,201.96,0.13322,0.26404
4022,2896.6,0.2281,525.83,0.12157,0.24362
4023,2896.8,0.2369,518.58,0.11509,0.2452
4024,2897.1,0.2526,547.42,0.1122,0.24554
4025,2897.3,0.2523,401.28,0.11697,0.25386
4026,2897.5,0.2318,228.43,0.11908,0.26442
4027,2897.8,0.2115,39.078,0.11352,0.31965
4028,2898,0.1479,3.7715,0.17487,0.39859
4029,2898.2,0.1248,2.0205,0.66314,0.41215
4030,2898.5,0.2059,12.629,0.25278,0.36342
4031,2898.7,0.2431,44.794,0.090329,0.31992
4032,2898.9,0.256,98.827,0.088442,0.29599
4033,2899.2,0.246,137.91,0.092162,0.28016
4034,2899.4,0.262,277.38,0.092781,0.26329
4035,2899.6,0.2662,328.16,0.11975,0.26017
4036,2899.9,0.2671,325.7,0.1305,0.26044
4037,2900.1,0.2706,444.34,0.12889,0.25361
4038,2900.4,0.2737,451.79,0.12799,0.25353
4039,2900.6,0.2738,594.1,0.1259,0.24629
4040,2900.8,0.2757,517.96,0.12298,0.2503
4041,2901.1,0.2688,373.66,0.12408,0.25775
4042,2901.3,0.2251,27.864,0.15471,0.33004
4043,2901.5,0.1134,0.29086,0.37193,0.5132
4044,2901.8,0.1364,0.73002,0.46677,0.48305
4045,2902,0.226,13.571,0.17466,0.36581
4046,2902.2,0.232,24.753,0.19792,0.33366
4047,2902.5,0.2316,35.618,0.20997,0.32528
4048,2902.7,0.2348,41.918,0.19806,0.32159
4049,2903,0.2323,42.423,0.17943,0.32105
4050,2903.2,0.2042,35.142,0.17857,0.32264
4051,2903.5,0.201,22.208,0.1304,0.3328
4052,2903.7,0.192,5.2065,0.12474,0.39806
4053,2904,0.2312,43.315,0.1079,0.32059
4054,2904.2,0.2222,52.054,0.11022,0.31438
4055,2904.5,0.2356,126.1,0.1108,0.28418
4056,2904.7,0.2247,43.317,0.11576,0.31998
4057,2905,0.2259,25.348,0.085872,0.33273
4058,2905.2,0.1791,8.165,0.19288,0.37936
4059,2905.5,0.1391,2.6616,0.43672,0.40879
4060,2905.7,0.1582,5.4816,0.29172,0.3902
4061,2906,0.0745,0.01247,0.72147,0.73573
4062,2906.2,0.0473,0.0033051,0.98742,0.7946
4063,2906.5,0.104,0.85165,0.37434,0.46317
4064,2906.7,0.1906,105.82,0.20276,0.28334
4065,2907,0.1977,161.7,0.17595,0.26917
4066,2907.2,0.2416,93.088,0.13999,0.29856
4067,2907.5,0.2407,110.02,0.14228,0.29195
4068,2907.7,0.2477,166.35,0.12855,0.27473
4069,2908,0.2598,281,0.11989,0.26421
4070,2908.2,0.268,473.27,0.11598,0.2534
4071,2908.5,0.258,284.95,0.12019,0.26388
4072,2908.7,0.2629,327.26,0.1196,0.26149
4073,2909,0.2594,274.04,0.1225,0.26482
4074,2909.2,0.2593,292.53,0.12729,0.26358
4075,2909.5,0.2581,283.99,0.13099,0.26411
4076,2909.7,0.2471,205.39,0.14461,0.26927
4077,2910,0.1483,0.30763,0.39628,0.54012
4078,2910.2,0.1039,0.022824,0.74824,0.71477
4079,2910.5,0.1284,0.074495,0.59107,0.62485
4080,2910.7,0.1384,0.11291,0.53354,0.60736
4081,2911,0.1158,0.05065,0.58199,0.6387
4082,2911.2,0.0872,0.041778,0.67392,0.63375
4083,2911.5,0.1126,0.15009,0.50994,0.57659
4084,2911.7,0.1197,0.09536,0.46233,0.60914
4085,2912,0.1081,0.06282,0.49824,0.62534
4086,2912.2,0.0919,0.097723,0.62274,0.59224
4087,2912.4,0.1003,0.25859,0.58822,0.52151
4088,2912.7,0.0984,0.41157,0.54957,0.49734
4089,2912.9,0.1765,30.487,0.27832,0.32449
4090,2913.1,0.2345,551.98,0.17053,0.24683
4091,2913.4,0.2393,834.85,0.16121,0.23462
4092,2913.6,0.231,531.32,0.16551,0.24758
4093,2913.8,0.1595,1.1597,0.35124,0.4728
4094,2914.1,0.1675,1.4102,0.37911,0.46506
4095,2914.3,0.1995,5.7101,0.25349,0.39906
4096,2914.5,0.174,2.1464,0.24675,0.44198
4097,2914.7,0.1317,0.38655,0.29334,0.51066
4098,2915,0.1262,0.10319,0.38663,0.60919
4099,2915.2,0.0832,0.027859,0.80138,0.67558
4100,2915.4,0.1014,0.029284,0.74438,0.69191
4101,2915.7,0.1195,0.041498,0.6506,0.67187
4102,2915.9,0.124,0.06367,0.6669,0.63243
4103,2916.1,0.1296,0.074419,0.63665,0.62751
4104,2916.4,0.0728,0.002521,0.96604,0.90093
4105,2916.6,0.0387,0.001,1,0.93273
4106,2916.8,0.0301,0.001,1,0.90613
4107,2917.1,0.037,0.0029895,0.89397,0.79152
4108,2917.3,0.0714,0.025406,0.41472,0.67062
4109,2917.5,0.154,1.0486,0.1668,0.47765
4110,2917.8,0.2085,49.42,0.12072,0.31722
4111,2918,0.2335,501.32,0.10151,0.25045
4112,2918.2,0.2286,686.44,0.11167,0.24086
4113,2918.5,0.2175,633.57,0.1148,0.24186
4114,2918.7,0.2198,759.76,0.11636,0.23643
4115,2918.9,0.198,570.99,0.15546,0.24229
4116,2919.2,0.2033,832.02,0.22103,0.23068
4117,2919.4,0.214,805.06,0.28639,0.23375
4118,2919.6,0.2145,979.26,0.32598,0.22676
4119,2919.9,0.2147,1181.3,0.35838,0.22173
4120,2920.1,0.2295,1331.8,0.34639,0.22105
4121,2920.3,0.2221,1271,0.39169,0.22126
4122,2920.6,0.2211,1080.4,0.38592,0.22442
4123,2920.8,0.1662,446.28,0.38337,0.24488
4124,2921,0.1595,581.8,0.36713,0.23528
4125,2921.2,0.2115,1927,0.32128,0.21442
4126,2921.5,0.223,2346.9,0.39635,0.21195
4127,2921.7,0.2243,1925.4,0.44627,0.21546
4128,2921.9,0.2105,1671.9,0.45479,0.21672
4129,2922.1,0.1983,1296.8,0.44747,0.21964
4130,2922.3,0.1763,828.38,0.53429,0.22652
4131,2922.5,0.2042,1448.2,0.49163,0.21852
4132,2922.7,0.2117,1797.1,0.46989,0.21578
4133,2922.9,0.2153,2252.5,0.49154,0.21228
4134,2923.1,0.2144,2490.8,0.4776,0.21039
4135,2923.3,0.2205,2440.8,0.51002,0.21132
4136,2923.5,0.2198,2843.9,0.51719,0.20839
4137,2923.7,0.2178,2654.3,0.52118,0.20959
4138,2923.9,0.2209,2301.2,0.48578,0.21251
4139,2924.1,0.2203,1865.2,0.39398,0.21602
4140,2924.4,0.2204,1362.8,0.29856,0.22069
4141,2924.6,0.2211,926.78,0.27239,0.23148
4142,2924.8,0.2126,788.14,0.28289,0.23582
4143,2925,0.2109,1009.3,0.32707,0.2267
4144,2925.2,0.1899,842.08,0.40528,0.22963
4145,2925.4,0.1725,375.23,0.4472,0.25175
4146,2925.6,0.1783,477.68,0.41903,0.24614
4147,2925.8,0.1953,792.58,0.38089,0.23301
4148,2926,0.2057,525.81,0.39421,0.24757
4149,2926.2,0.2101,603.03,0.40299,0.2443
4150,2926.4,0.2079,657.18,0.44963,0.24144
4151,2926.6,0.2233,624.9,0.44882,0.24515
4152,2926.8,0.2141,778.51,0.4538,0.23707
4153,2927,0.212,877.7,0.43927,0.23269
4154,2927.3,0.2055,892.18,0.44601,0.23106
4155,2927.5,0.2044,750.8,0.42944,0.23691
4156,2927.7,0.204,570.32,0.45616,0.24544
4157,2927.9,0.2107,671.76,0.45127,0.24156
4158,2928.1,0.2217,702.77,0.43369,0.2418
4159,2928.3,0.2162,718.35,0.44417,0.24039
4160,2928.5,0.2192,748.13,0.43597,0.2396
4161,2928.7,0.2095,664.18,0.44343,0.24196
4162,2928.9,0.2078,689.74,0.45998,0.24059
4163,2929.1,0.2089,599.51,0.44346,0.24505
4164,2929.3,0.2112,760.05,0.44061,0.23812
4165,2929.5,0.2122,857.46,0.45654,0.2343
4166,2929.7,0.2173,713.36,0.46488,0.24116
4167,2929.9,0.2242,582.58,0.43511,0.24806
4168,2930.1,0.2223,547.44,0.42359,0.24957
4169,2930.3,0.2165,641.11,0.44198,0.24442
4170,2930.4,0.2123,434.47,0.44148,0.25439
4171,2930.6,0.2007,258.13,0.4765,0.26456
4172,2930.8,0.2008,310.44,0.48237,0.26086
4173,2931,0.205,419.31,0.4585,0.25453
4174,2931.2,0.2121,502.92,0.41273,0.25083
4175,2931.4,0.2069,719.74,0.37098,0.23979
4176,2931.5,0.2062,531.23,0.3432,0.24869
4177,2931.7,0.2105,523.81,0.3058,0.24967
4178,2931.9,0.2055,485.52,0.30327,0.25109
4179,2932.1,0.211,778.78,0.2903,0.2381
4180,2932.3,0.212,568.01,0.27347,0.24779
4181,2932.4,0.2201,446.61,0.26533,0.25503
4182,2932.6,0.2054,405.01,0.30359,0.25576
4183,2932.8,0.2105,489.01,0.31567,0.25174
4184,2933,0.2146,516.5,0.30258,0.25086
4185,2933.2,0.2245,597.13,0.30028,0.24822
4186,2933.3,0.2083,551.2,0.32366,0.2484
4187,2933.5,0.1987,173.5,0.29869,0.27256
4188,2933.7,0.2441,253.86,0.18484,0.26894
4189,2933.9,0.2648,355.9,0.13888,0.26427
4190,2934.1,0.2585,407.63,0.1295,0.26106
4191,2934.3,0.261,458.83,0.1245,0.25874
4192,2934.4,0.2613,523.08,0.1226,0.25578
4193,2934.6,0.2626,488.95,0.1194,0.25751
4194,2934.8,0.2642,452.47,0.1169,0.25942
4195,2935,0.2589,438.52,0.11879,0.2597
4196,2935.2,0.264,384.33,0.1202,0.26291
4197,2935.3,0.2673,375.57,0.1216,0.26366
4198,2935.5,0.2641,453.94,0.1229,0.25949
4199,2935.7,0.2678,491.22,0.12007,0.25808
4200,2935.9,0.267,515.84,0.11769,0.25693
4201,2936.1,0.2642,451.74,0.11819,0.25971
4202,2936.2,0.2663,457.49,0.1177,0.25964
4203,2936.4,0.2626,352.51,0.11979,0.26474
4204,2936.6,0.2587,354.6,0.12369,0.26437
4205,2936.8,0.2565,292.11,0.12831,0.26784
4206,2937,0.2551,323.6,0.1318,0.26591
4207,2937.1,0.2552,323.45,0.12889,0.26595
4208,2937.3,0.2519,348.3,0.12888,0.26432
4209,2937.5,0.2491,305.05,0.13139,0.26665
4210,2937.7,0.2474,301.25,0.13199,0.26678
4211,2937.8,0.245,266.85,0.13402,0.26879
4212,2938,0.2389,224.07,0.13639,0.2713
4213,2938.2,0.2501,276.46,0.1275,0.26859
4214,2938.3,0.2474,268.13,0.12618,0.26896
4215,2938.5,0.2534,275.19,0.12329,0.26895
4216,2938.7,0.2518,264.75,0.1243,0.26953
4217,2938.9,0.2478,243.73,0.12829,0.27066
4218,2939,0.2425,206.5,0.1321,0.27628
4219,2939.2,0.2454,284.62,0.1304,0.26791
4220,2939.4,0.2466,218.47,0.1354,0.27449
4221,2939.5,0.2415,172.43,0.15075,0.2847
4222,2939.7,0.1947,93.462,0.18104,0.30076
4223,2939.9,0.1438,40.578,0.20575,0.31779
4224,2940.1,0.1675,39.337,0.18709,0.32273
4225,2940.2,0.1362,21.977,0.2196,0.33146
4226,2940.4,0.1798,42.809,0.17659,0.32246
4227,2940.6,0.1698,31.432,0.18282,0.32854
4228,2940.8,0.1963,99.716,0.16368,0.29903
4229,2940.9,0.221,191.96,0.15503,0.27617
4230,2941.1,0.2396,321.04,0.14846,0.26559
4231,2941.3,0.2506,368.08,0.13839,0.26385
4232,2941.4,0.2469,274.19,0.1362,0.26903
4233,2941.6,0.2446,224.49,0.13889,0.27377
4234,2941.8,0.2457,247.24,0.1391,0.27073
4235,2942,0.251,264.52,0.13199,0.26999
4236,2942.1,0.2506,253.27,0.13189,0.27071
4237,2942.3,0.24,153.51,0.1472,0.29052
4238,2942.5,0.1872,0.57873,0.31906,0.5294
4239,2942.6,0.1146,0.36872,0.51384,0.52572
4240,2942.8,0.169,28.369,0.25502,0.33113
4241,2943,0.0653,8.4537,0.48864,0.34335
4242,2943.2,0.0359,2.8684,0.75306,0.36903
4243,2943.3,0.0449,3.0612,0.66155,0.37624
4244,2943.5,0.1757,23.137,0.23462,0.34262
4245,2943.7,0.2229,22.872,0.1992,0.35679
4246,2943.9,0.2346,26.848,0.21202,0.35094
4247,2944,0.2347,34.261,0.23175,0.33658
4248,2944.2,0.2281,36.917,0.2633,0.33217
4249,2944.4,0.2206,28.116,0.30994,0.34506
4250,2944.6,0.2093,18.479,0.36087,0.36488
4251,2944.8,0.1866,6.3654,0.38164,0.40197
4252,2944.9,0.1698,7.4142,0.31825,0.39405
4253,2945.1,0.1916,26.67,0.22509,0.34018
4254,2945.3,0.1844,28.369,0.23155,0.334
4255,2945.5,0.1673,16.275,0.27393,0.36046
4256,2945.7,0.0664,1.3191,0.61628,0.42784
4257,2945.8,0.0369,0.79585,0.83841,0.42176
4258,2946,0.1026,2.9483,0.35918,0.4073
4259,2946.2,0.1371,7.2011,0.231,0.38785
4260,2946.4,0.1571,7.9114,0.24992,0.38947
4261,2946.6,0.1427,5.9197,0.27297,0.3963
4262,2946.8,0.1451,2.1216,0.32943,0.44954
4263,2946.9,0.1118,0.68269,0.4426,0.49432
4264,2947.1,0.1194,1.105,0.41955,0.47555
4265,2947.3,0.1566,4.3782,0.29846,0.40839
4266,2947.5,0.2072,24.657,0.2041,0.35068
4267,2947.7,0.2156,72.144,0.19421,0.31501
4268,2947.8,0.2049,42.122,0.19509,0.32771
4269,2948,0.2145,45.621,0.15945,0.32697
4270,2948.2,0.2332,286.91,0.13911,0.26836
4271,2948.4,0.2505,525.41,0.12977,0.25772
4272,2948.6,0.2565,561,0.12489,0.2568
4273,2948.8,0.259,560.44,0.11412,0.25709
4274,2948.9,0.2545,500.48,0.10064,0.25928
4275,2949.1,0.2485,343.07,0.099041,0.26645
4276,2949.3,0.2364,320.58,0.11026,0.26681
4277,2949.5,0.2446,394.14,0.1168,0.26356
4278,2949.7,0.234,326.38,0.11741,0.26636
4279,2949.8,0.2063,244.37,0.11334,0.26929
4280,2950,0.1683,78.912,0.092631,0.30503
4281,2950.2,0.0454,1.2426,0.31023,0.40971
4282,2950.4,0.0442,1.2959,0.40245,0.4079
4283,2950.6,0.0363,0.082359,0.7675,0.56282
4284,2950.7,0.0572,0.011631,0.90197,0.75148
4285,2950.9,0.085,0.0091393,0.8805,0.79258
4286,2951.1,0.0525,0.003701,0.9435,0.84981
4287,2951.3,0.1864,13.696,0.12237,0.3763
4288,2951.5,0.2285,231.72,0.07394,0.2735
4289,2951.7,0.2333,360.48,0.076465,0.26481
4290,2951.9,0.2171,222.19,0.10328,0.27324
4291,2952.1,0.2137,186.26,0.10989,0.28107
4292,2952.3,0.1936,202.68,0.10523,0.27229
4293,2952.5,0.1741,91.054,0.1239,0.30206
4294,2952.7,0.1534,11.785,0.1855,0.37497
4295,2952.9,0.0726,0.009905,0.65847,0.77997
4296,2953.1,0.0533,0.0034375,1,0.8648
4297,2953.3,0.0591,0.0047467,0.95691,0.834
4298,2953.5,0.085,0.025855,0.4324,0.72045
4299,2953.7,0.1111,0.086012,0.2035,0.6294
4300,2953.9,0.1228,0.20246,0.1605,0.58813
4301,2954.1,0.1626,0.65425,0.12314,0.51446
4302,2954.3,0.1615,1.1349,0.13009,0.49148
4303,2954.6,0.1815,4.288,0.12736,0.42125
4304,2954.8,0.2046,6.8628,0.12854,0.40533
4305,2955,0.2216,14.146,0.17103,0.38361
4306,2955.2,0.2372,57.794,0.17677,0.3254
4307,2955.4,0.2423,113.3,0.17339,0.3069
4308,2955.6,0.2422,159.64,0.17258,0.29449
4309,2955.8,0.2399,144.7,0.17665,0.298
4310,2956,0.1895,50.674,0.24369,0.32331
4311,2956.2,0.2111,67.356,0.23912,0.31872
4312,2956.4,0.1947,11.513,0.21107,0.38712
4313,2956.6,0.2214,168.14,0.099051,0.28912
4314,2956.8,0.2295,239.95,0.096438,0.27457
4315,2957,0.2093,176.03,0.12629,0.28487
4316,2957.2,0.14,28.738,0.26076,0.3298
4317,2957.4,0.1442,16.877,0.25332,0.35689
4318,2957.6,0.1781,32.037,0.18144,0.33268
4319,2957.8,0.1152,1.7301,0.27113,0.45459
4320,2958,0.0305,0.056824,0.79139,0.58265
4321,2958.2,0.0531,0.026543,0.93351,0.67468
4322,2958.4,0.0324,0.0070282,1,0.75233
4323,2958.6,0.0206,0.0056232,1,0.7343
4324,2958.8,0.02,0.0041661,1,0.75563
4325,2959,0.0345,0.0032797,1,0.81681
4326,2959.2,0.0454,0.0059042,1,0.78653
4327,2959.4,0.0614,0.005034,0.93821,0.83997
4328,2959.6,0.07,0.0053238,0.91346,0.85109
4329,2959.9,0.0419,0.0021074,1,0.90403
4330,2960.1,0.0575,0.011148,0.70327,0.76171
4331,2960.4,0.0698,0.012954,0.4672,0.7649
4332,2960.6,0.0516,0.015841,0.48419,0.72595
4333,2960.8,0.0808,0.057688,0.29327,0.63601
4334,2961.1,0.1363,0.15883,0.19341,0.61295
4335,2961.3,0.132,0.14148,0.20122,0.61744
4336,2961.5,0.1798,0.66383,0.15833,0.53027
4337,2961.8,0.1733,2.4529,0.18751,0.46049
4338,2962,0.1405,3.1138,0.20093,0.43165
4339,2962.2,0.1506,6.6634,0.1825,0.39925
4340,2962.5,0.1511,10.372,0.1854,0.38375
4341,2962.7,0.1628,16.164,0.19837,0.36785
4342,2962.9,0.1742,20.904,0.18431,0.35855
4343,2963.2,0.144,13.36,0.22122,0.37124
4344,2963.4,0.1335,12.835,0.25861,0.36971
4345,2963.7,0.132,11.551,0.28318,0.3741
4346,2963.9,0.1074,3.7433,0.32297,0.40687
4347,2964.1,0.0735,1.3542,0.49263,0.44581
4348,2964.4,0.1017,1.7756,0.49353,0.44942
4349,2964.6,0.1226,2.9072,0.28109,0.42868
4350,2964.8,0.1691,7.9623,0.21253,0.39812
4351,2965.1,0.2116,54.294,0.21859,0.32657
4352,2965.3,0.1887,62.676,0.21125,0.32016
4353,2965.5,0.126,24.894,0.19871,0.33243
4354,2965.8,0.1464,63.007,0.16389,0.31292
4355,2966,0.1633,140.17,0.18767,0.28802
4356,2966.2,0.1824,212.26,0.17125,0.27409
4357,2966.5,0.1842,227.28,0.16852,0.27139
4358,2966.7,0.1184,79.424,0.22497,0.29823
4359,2967,0.1315,115.71,0.19535,0.28739
4360,2967.2,0.1447,131.69,0.17503,0.28603
4361,2967.4,0.1382,114.83,0.17764,0.29003
4362,2967.7,0.1704,199.39,0.14923,0.27455
4363,2967.9,0.1994,353.74,0.13187,0.26532
4364,2968.1,0.174,197.19,0.14446,0.27637
4365,2968.4,0.1856,268.15,0.1367,0.26911
4366,2968.6,0.2188,628.91,0.12006,0.25513
4367,2968.8,0.219,534.45,0.11929,0.25897
4368,2969.1,0.1757,246.86,0.13994,0.26971
4369,2969.4,0.0437,32.065,0.35629,0.29588
4370,2969.7,0.0451,28.908,0.34556,0.30107
4371,2970,0.1177,103.42,0.26065,0.28882
4372,2970.3,0.162,265.9,0.23408,0.26723
4373,2970.6,0.1956,536.11,0.10929,0.25676
4374,2970.9,0.1805,11.616,0.11777,0.38957
4375,2971.2,0.0544,0.0024208,0.81323,0.92998
4376,2971.4,0.046,0.002032,1,0.93105
4377,2971.7,0.0855,0.0054243,1,0.89136
4378,2972,0.0882,0.0082668,1,0.83976
4379,2972.3,0.0522,0.0070424,1,0.79221
4380,2972.6,0.0208,0.0043276,1,0.76592
4381,2972.9,0.0299,0.0030476,1,0.82866
4382,2973.2,0.0409,0.004069,1,0.83281
4383,2973.5,0.0747,0.0068749,1,0.84474
4384,2973.8,0.0836,0.021106,1,0.75308
4385,2974.1,0.0882,0.028669,1,0.73333
4386,2974.4,0.0917,0.026924,1,0.74194
4387,2974.7,0.0792,0.012678,1,0.78395
4388,2975,0.0791,0.0077303,1,0.83834
4389,2975.3,0.0771,0.0093625,1,0.80507
4390,2975.6,0.0804,0.011156,1,0.7926
4391,2975.8,0.0824,0.029663,1,0.72622
4392,2976.1,0.059,0.032025,1,0.68656
4393,2976.4,0.0691,0.085505,1,0.61835
4394,2976.7,0.0694,0.14392,1,0.58876
4395,2977,0.0794,0.18716,1,0.58034
4396,2977.3,0.0971,0.53042,1,0.50994
4397,2977.6,0.0803,0.78525,1,0.48779
4398,2977.9,0.039,0.71691,1,0.45528
4399,2978.2,0.0215,0.35277,1,0.46213
4400,2978.5,0.0569,0.51485,1,0.49156
4401,2978.8,0.0562,0.77438,1,0.47199
4402,2979.1,0.0514,0.98525,0.99944,0.45354
4403,2979.4,0.0278,0.81239,1,0.42506
4404,2979.7,0.0389,0.46446,1,0.47965
4405,2980,0.0449,0.78445,1,0.45966
4406,2980.2,0.0831,1.0834,1,0.47566
4407,2980.5,0.0811,2.2434,1,0.43012
4408,2980.8,0.0964,2.3456,1,0.4394
4409,2981.2,0.0955,2.2135,1,0.44294
4410,2981.5,0.1057,2.0371,1,0.45491
4411,2981.9,0.1162,1.9734,1,0.46256
4412,2982.3,0.133,1.2008,1,0.49344
4413,2982.6,0.1435,1.3134,0.97543,0.49305
4414,2983,0.1366,1.4552,0.96273,0.4867
4415,2983.3,0.1404,2.4444,0.80293,0.4621
4416,2983.7,0.1292,2.4556,0.90559,0.45725
4417,2984.1,0.1142,2.638,0.96755,0.44536
4418,2984.4,0.1091,2.0675,1,0.45792
4419,2984.8,0.1136,1.836,0.99989,0.46718
4420,2985.2,0.1323,1.0934,0.96166,0.49833
4421,2985.5,0.1273,0.32931,0.97036,0.58063
4422,2985.9,0.1292,0.43042,0.82347,0.56224
4423,2986.3,0.13,1.8734,0.7283,0.47411
4424,2986.6,0.1322,2.803,0.6816,0.45269
4425,2987,0.1192,3.4421,0.68769,0.43241
4426,2987.3,0.1441,3.0954,0.62355,0.45241
4427,2987.7,0.1348,2.8107,0.6093,0.4545
4428,2988.1,0.117,2.2671,0.69225,0.45912
4429,2988.4,0.1006,2.1914,0.90791,0.45234
4430,2988.8,0.0857,2.3619,1,0.43722
4431,2989.2,0.0787,2.5209,1,0.42672
4432,2989.5,0.0421,1.4471,1,0.42169
4433,2989.9,0.0359,0.87466,1,0.44636
4434,2990.2,0.0548,0.30128,1,0.52264
4435,2990.6,0.0483,0.045302,1,0.64159
4436,2991,0.0239,0.0065693,1,0.76123
4437,2991.3,0.02,0.01685,1,0.65627
4438,2991.7,0.0277,0.0025179,1,0.87505
4439,2992.1,0.0235,0.0010718,1,0.95069
4440,2992.4,0.02,0.0032823,1,0.79413
4441,2992.8,0.02,0.055443,1,0.58186
4442,2993.1,0.02,0.33906,1,0.46997
4443,2993.5,0.02,0.33438,1,0.47094
4444,2993.9,0.02,0.63876,1,0.43114
4445,2994.2,0.02,0.18216,1,0.49878
4446,2994.6,0.02,0.096125,1,0.54026
4447,2995,0.0357,0.093041,1,0.58782
4448,2995.3,0.0453,0.17029,1,0.56171
4449,2995.7,0.02,0.21805,1,0.49231
4450,2996.2,0.02,0.19159,1,0.49776
4451,2996.6,0.02,0.74124,1,0.42258
4452,2997,0.02,0.55466,1,0.44364
4453,2997.5,0.0303,0.35651,1,0.49
4454,2997.9,0.0334,0.62489,1,0.46787
4455,2998.3,0.0781,0.19534,1,0.59321
4456,2998.8,0.0771,0.14096,1,0.61183
4457,2999.2,0.0656,0.03056,1,0.72794
4458,2999.6,0.0663,0.015713,1,0.77813
4459,3000.1,0.0728,0.031686,1,0.73468
4460,3000.5,0.0926,0.029855,1,0.75836
4461,3000.9,0.0695,0.0047236,1,0.9225
4462,3001.4,0.0225,0.0050199,1,0.78314
4463,3001.8,0.0482,0.0010718,1,1
4464,3002.3,0.0638,0.0016917,1,1
4465,3002.7,0.049,0.001,1,1
4466,3003.1,0.0384,0.001,1,1
4467,3003.6,0.0297,0.001,1,0.98734
4468,3004,0.0252,0.001,1,0.97531
4469,3004.4,0.02,0.018282,1,0.66637
4470,3004.9,0.02,0.15233,1,0.51001
4471,3005.3,0.02,0.7535,1,0.42974
4472,3005.7,0.02,0.84654,1,0.42143
4473,3006.2,0.02,0.90851,1,0.41633
4474,3006.6,0.02,4.7318,1,0.34949
4475,3007,0.02,4.0319,1,0.3585
4476,3007.5,0.02,0.006399,1,0.76529
4477,3007.9,0.0541,0.0013741,1,1
4478,3008.3,0.0653,0.0010718,1,1
4479,3008.8,0.0281,0.001,1,0.98837
4480,3009.2,0.0211,0.001,1,0.96658
4481,3009.6,0.0205,0.001,1,0.96466
4482,3010.1,0.02,0.0015971,1,0.91825
4483,3010.5,0.02,0.051381,1,0.60138
4484,3010.9,0.02,1.2006,1,0.40736
4485,3011.4,0.02,2.1457,1,0.38892
4486,3011.8,0.0586,22.343,0.43049,0.33029
4487,3012.3,0.1668,399.5,0.16732,0.26956
4488,3012.7,0.1969,440.88,0.14362,0.27078
4489,3013.2,0.2034,209,0.16245,0.30318
4490,3013.7,0.2058,153.38,0.1698,0.31384
4491,3014.2,0.2094,112.47,0.17585,0.32305
4492,3014.7,0.2011,150.7,0.18789,0.3141
4493,3015.2,0.1974,310.55,0.18348,0.28771
4494,3015.7,0.1913,190.1,0.19788,0.30558
4495,3016.2,0.1872,99.408,0.21589,0.32405
4496,3016.7,0.1904,71.646,0.2151,0.33204
4497,3017.2,0.1949,131.84,0.21657,0.31809
4498,3017.7,0.1989,222.61,0.2212,0.30246
4499,3018.3,0.1863,126.15,0.22367,0.31846
4500,3018.8,0.1809,249.5,0.18813,0.29521
4501,3019.3,0.1657,146.22,0.21634,0.31113
4502,3019.8,0.1977,209.58,0.19786,0.30538
4503,3020.3,0.2113,199.36,0.19189,0.30948
4504,3020.8,0.2049,207.08,0.2034,0.30749
4505,3021.3,0.2033,143.02,0.20961,0.31864
4506,3021.8,0.2029,102.55,0.21,0.32719
4507,3022.3,0.2069,98.349,0.21458,0.32876
4508,3022.8,0.2068,117.61,0.2029,0.32474
4509,3023.3,0.2137,389.55,0.18629,0.28648
4510,3023.8,0.1735,174.36,0.21156,0.30916
4511,3024.4,0.1978,143.5,0.23908,0.31905
4512,3024.9,0.1898,84.273,0.31712,0.33109
4513,3025.4,0.0829,76.462,0.25521,0.31257
4514,3025.9,0.0855,48.349,0.17454,0.326
4515,3026.4,0.1659,58.847,0.091983,0.34241
4516,3026.9,0.1004,36.039,0.20789,0.34217
4517,3027.4,0.0457,34.59,0.43908,0.31918
4518,3027.9,0.0383,26.972,0.57479,0.32131
4519,3028.4,0.0433,45.703,0.47978,0.30984
4520,3028.9,0.0866,124.96,0.26623,0.29935
4521,3029.4,0.0962,81.194,0.23528,0.31704
4522,3029.9,0.1125,24.688,0.25025,0.3707
4523,3030.4,0.1549,23.269,0.21765,0.3869
4524,3031,0.1949,88.564,0.17005,0.33259
4525,3031.5,0.2338,566.47,0.15003,0.27931
4526,3032,0.2395,683.73,0.1453,0.27167
4527,3032.5,0.2432,555.47,0.15024,0.2828
4528,3033,0.2384,347.55,0.16722,0.30135
4529,3033.5,0.2498,298.33,0.15878,0.30849
4530,3034.1,0.2429,254.78,0.16742,0.31287
4531,3034.7,0.2452,162.91,0.1758,0.32549
4532,3035.2,0.2498,84.293,0.1505,0.35339
4533,3035.8,0.2136,4.9383,0.15583,0.48459
4534,3036.4,0.0921,0.18137,0.56807,0.63447
4535,3037,0.1065,0.95774,0.53805,0.53863
4536,3037.5,0.1941,7.896,0.21989,0.45649
4537,3038.1,0.2194,39.34,0.1721,0.38493
4538,3038.7,0.2513,303.75,0.15399,0.31085
4539,3039.3,0.2485,341.38,0.16705,0.30704
4540,3039.8,0.251,369.33,0.16918,0.30505
4541,3040.4,0.2532,425.83,0.16819,0.30067
4542,3041,0.2517,325.7,0.168,0.30995
4543,3041.5,0.2573,161.68,0.16139,0.32946
4544,3042.1,0.251,58.186,0.1498,0.37727
4545,3042.7,0.1545,1.951,0.23313,0.51548
4546,3043.3,0.1057,0.75866,0.66933,0.56647
4547,3043.8,0.1103,1.5109,0.61677,0.51031
4548,3044.4,0.0664,0.63748,0.78604,0.54431
4549,3045,0.0796,0.3636,0.70896,0.59929
4550,3045.6,0.0386,0.0057932,0.99282,0.91013
4551,3046.1,0.0321,0.0040774,1,0.92903
4552,3046.7,0.0248,0.00693,1,0.83205
4553,3047.3,0.02,0.04444,1,0.63844
4554,3047.9,0.0855,8.2115,0.39088,0.41051
4555,3048.4,0.1942,105.15,0.18799,0.33934
4556,3049,0.2125,279.43,0.1814,0.31391
4557,3049.6,0.2153,300.03,0.18238,0.31248
4558,3050.2,0.2134,272.83,0.18626,0.31537
4559,3050.7,0.2121,197.56,0.18799,0.32416
4560,3051.3,0.2136,186.24,0.18824,0.32603
4561,3051.9,0.226,256.91,0.18336,0.31958
4562,3052.4,0.2374,280.7,0.18459,0.31881
4563,3053,0.2389,148.86,0.2155,0.336
4564,3053.6,0.2458,254.81,0.23098,0.32287
4565,3054.2,0.2448,255.32,0.22699,0.323
4566,3054.7,0.2427,129.72,0.19686,0.34732
4567,3055.3,0.2089,3.3075,0.26774,0.51647
4568,3055.9,0.1519,0.67167,0.52342,0.61283
4569,3056.5,0.1943,0.67364,0.51,0.62559
4570,3057.1,0.1011,0.00875,0.9191,0.98139
4571,3057.7,0.0812,0.0031943,0.96831,1
4572,3058.3,0.0527,0.0041888,1,0.98956
4573,3059,0.0477,0.25633,0.93613,0.60552
4574,3059.6,0.1707,294.86,0.22881,0.31195
4575,3060.2,0.211,1715.4,0.12943,0.26187
4576,3060.8,0.2172,2082.7,0.11961,0.2586
4577,3061.5,0.2148,2005.9,0.12926,0.25948
4578,3062.1,0.2091,1833.1,0.28723,0.26112
4579,3062.7,0.2186,2345.1,0.43252,0.25696
4580,3063.4,0.2142,1923.6,0.50137,0.26119
4581,3064,0.2163,2226.6,0.50072,0.25852
4582,3064.6,0.2139,2058.4,0.49925,0.2603
4583,3065.3,0.2137,2013.7,0.48211,0.26104
4584,3065.9,0.2113,2015.7,0.48122,0.26107
4585,3066.5,0.1934,1568.5,0.43279,0.26464
4586,3067.1,0.2128,2061,0.31704,0.26135
4587,3067.8,0.0729,173.44,0.66697,0.30738
4588,3068.4,0.0966,277.19,0.40893,0.3014
4589,3069,0.1257,433,0.45229,0.29506
4590,3069.7,0.1325,458.41,0.46655,0.29546
4591,3070.3,0.1329,510.51,0.44687,0.29187
4592,3070.9,0.1343,462.42,0.42117,0.29678
4593,3071.5,0.1418,522.24,0.37801,0.29474
4594,3072.2,0.1263,499.64,0.38257,0.29248
4595,3072.8,0.1081,358.41,0.41564,0.29989
4596,3073.4,0.1221,363.52,0.40052,0.30428
4597,3074.1,0.1393,645.81,0.42685,0.28776
4598,3074.7,0.1529,777,0.46014,0.28442
4599,3075.3,0.1804,1135.9,0.48502,0.2751
4600,3076,0.1906,606.41,0.4477,0.30412
4601,3076.6,0.1885,221.6,0.34848,0.33169
4602,3077.2,0.1835,189.74,0.31456,0.33781
4603,3077.8,0.2047,283.11,0.3492,0.32887
4604,3078.5,0.2019,219.68,0.37308,0.33663
4605,3079.1,0.1894,113.15,0.31549,0.37006
4606,3079.7,0.1852,138.63,0.18994,0.35984
4607,3080.4,0.1748,300.99,0.17729,0.32529
4608,3081,0.1801,429.79,0.18933,0.31721
4609,3081.6,0.1862,448.29,0.18998,0.31743
4610,3082.3,0.171,124.84,0.24654,0.3645
4611,3082.9,0.1512,26.184,0.41182,0.42392
4612,3083.6,0.17,54.506,0.3754,0.39885
4613,3084.3,0.1914,67.003,0.31851,0.39661
4614,3085,0.1829,69.091,0.35278,0.3947
4615,3085.7,0.2009,56.392,0.38553,0.40466
4616,3086.4,0.1022,14.673,0.48999,0.44399
4617,3087.1,0.1136,20.76,0.38557,0.42854
4618,3087.7,0.1687,32.688,0.29349,0.42566
4619,3088.4,0.1719,54.138,0.2699,0.40361
4620,3089.1,0.2061,110.35,0.24439,0.38641
4621,3089.8,0.1227,22.37,0.32102,0.43455
4622,3090.5,0.1306,9.1718,0.28396,0.48909
4623,3091.2,0.0545,3.6689,0.48858,0.49179
4624,3091.8,0.0405,4.685,0.64332,0.4668
4625,3092.5,0.1011,14.711,0.38788,0.45484
4626,3093.2,0.169,34.323,0.31801,0.43441
4627,3093.9,0.147,21.674,0.36588,0.45667
4628,3094.6,0.1632,28.557,0.39444,0.44743
4629,3095.3,0.1937,33.879,0.39912,0.44889
4630,3095.9,0.2129,28.042,0.39109,0.46693
4631,3096.6,0.2171,35.937,0.35991,0.45512
4632,3097.3,0.2189,40.06,0.34149,0.45037
4633,3098,0.2164,49.038,0.32772,0.43784
4634,3098.7,0.2208,56.217,0.31652,0.43128
4635,3099.4,0.2189,84.713,0.30676,0.4078
4636,3100,0.2157,86.959,0.30661,0.40734
4637,3100.7,0.207,44.093,0.32742,0.44836
4638,3101.4,0.2115,19.454,0.45418,0.49313
4639,3102.1,0.1344,1.0452,0.59203,0.65741
4640,3102.8,0.1144,5.6253,0.49481,0.53031
4641,3103.5,0.0819,5.5869,0.67351,0.50731
4642,3104.1,0.1911,2.8445,0.48375,0.6181
4643,3104.8,0.2385,3.89,0.42315,0.61476
4644,3105.5,0.222,4.3897,0.50246,0.60571
4645,3106.2,0.1962,10.385,0.56563,0.53583
4646,3106.9,0.1842,30.874,0.48913,0.47536
4647,3107.6,0.1872,32.352,0.409,0.47523
4648,3108.3,0.2029,743.5,0.36841,0.32911
4649,3108.9,0.2108,1698.3,0.38132,0.30858
4650,3109.6,0.2123,1612.6,0.45339,0.31139
4651,3110.4,0.2158,1879.7,0.4678,0.30804
4652,3111.1,0.2067,1727.7,0.45635,0.31042
4653,3111.8,0.203,1129,0.43785,0.32291
4654,3112.6,0.1934,1436.3,0.47279,0.31601
4655,3113.3,0.1883,1543.3,0.49123,0.31413
4656,3114.1,0.1827,1391.4,0.50369,0.31727
4657,3114.8,0.1842,1287.9,0.49211,0.32058
4658,3115.5,0.1796,1022.5,0.49384,0.32661
4659,3116.3,0.1958,1482.2,0.46979,0.32041
4660,3117,0.2013,1244.7,0.27597,0.32642
4661,3117.8,0.079,128.27,0.25455,0.38676
4662,3118.5,0.0527,121.1,0.61764,0.37409
4663,3119.2,0.1093,304.42,0.50409,0.36707
4664,3120,0.1509,439.41,0.2907,0.36689
4665,3120.7,0.2055,1623.9,0.42272,0.32533
4666,3121.5,0.2061,1716.2,0.4773,0.32509
4667,3122.2,0.205,1937.9,0.45534,0.32302
4668,3122.9,0.2007,1935,0.43194,0.32364
4669,3123.7,0.1992,1426.2,0.41999,0.33151
4670,3124.4,0.2013,1868,0.42235,0.32678
4671,3125.2,0.193,1360.6,0.43391,0.33505
4672,3125.9,0.1947,1315.8,0.4327,0.34072
4673,3126.6,0.1915,1282,0.42115,0.34429
4674,3127.4,0.199,1003.1,0.35628,0.36255
4675,3128.1,0.1915,1045.2,0.35929,0.36118
4676,3128.9,0.1767,856.61,0.40439,0.36957
4677,3129.6,0.188,875.06,0.37442,0.37394
4678,3130.4,0.1432,438.48,0.44442,0.39274
4679,3131.1,0.1446,329.61,0.46952,0.40409
4680,3131.8,0.1754,428.44,0.45395,0.40383
4681,3132.6,0.1756,425.42,0.44128,0.40587
4682,3133.3,0.0574,2.0582,0.69832,0.68088
4683,3134.1,0.095,0.20413,0.5881,0.96531
4684,3134.8,0.0567,0.74035,0.65399,0.77717
4685,3135.5,0.0411,1.1651,0.86821,0.7246
4686,3136.3,0.0839,4.9971,0.73809,0.65424
4687,3137,0.1324,25.774,0.36798,0.58519
4688,3137.8,0.1275,12.312,0.27734,0.62861
4689,3138.5,0.0372,1.263,0.6966,0.73592
4690,3139.2,0.0384,2.7134,0.57775,0.67263
4691,3140,0.0318,1.5779,0.80884,0.71854
4692,3140.8,0.1662,6.5587,0.70284,0.74634
4693,3141.6,0.2231,35.921,0.63075,0.62664
4694,3142.3,0.2277,13.403,0.64306,0.73141
4695,3143.1,0.2259,10.54,0.63998,0.75877
4696,3143.9,0.2191,68.128,0.60699,0.61137
4697,3144.7,0.2027,59.484,0.60132,0.62124
4698,3145.5,0.1812,44.268,0.67669,0.63687
4699,3146.2,0.1622,64.653,0.78292,0.62078
4700,3147,0.0932,0.32934,0.86729,1
4701,3147.8,0.0911,0.044157,0.88981,1
4702,3148.6,0.1977,284.18,0.8276,0.57701
4703,3149.4,0.1892,164.95,0.76822,0.62024
4704,3150.1,0.1822,50.246,0.77586,0.74377
4705,3150.9,0.1732,45.766,0.72957,0.76776
4706,3151.7,0.1906,74.151,0.73156,0.76418
4707,3152.5,0.1874,195.72,0.64766,0.71738
4708,3153.3,0.1528,88.023,0.75413,0.80184
4709,3154.1,0.1671,85.474,0.78795,0.90334
4710,3154.8,0.1709,31.996,0.9568,1
4711,3155.6,0.1784,0.063779,0.9023,1
4712,3156.4,0.1568,1.7079,0.97092,1
4713,3157.2,0.2215,18.628,0.8679,1
4714,3158,0.1834,108.58,0.73696,1
4715,3158.7,0.0778,0.34975,0.77016,1
4716,3159.5,0.167,19.963,0.87304,1
4717,3160.3,0.2305,1084.7,0.90633,1
4718,3161.1,0.2055,407.64,0.91613,1
4719,3161.9,0.1954,189.52,0.91113,1
4720,3162.6,0.1891,140.23,0.90263,1
4721,3163.4,0.187,212.55,0.94027,1
4722,3164.2,0.1786,184.71,0.97304,1
4723,3165,0.1793,107.94,0.94253,1
4724,3165.8,0.182,85.468,0.93756,1
4725,3166.5,0.1654,91.555,0.89908,1
4726,3167.3,0.1563,1.9856,0.71412,1
4727,3168.1,0.2107,0.53679,0.69929,1
4728,3168.9,0.2333,10.314,0.87654,1
4729,3169.7,0.2249,17.949,0.92542,1
4730,3170.4,0.187,29.235,0.83349,1
4731,3171.2,0.0544,5.1111,0.75266,1
4732,3172,0.0418,0.2122,0.73468,1
4733,3172.8,0.0519,0.010917,0.65799,1
4734,3173.6,0.0407,0.0066804,0.74125,1
4735,3174.4,0.0432,0.0070424,0.62455,1
4736,3175.2,0.0448,0.0051122,0.58033,1
4737,3176,0.0361,0.0029804,0.77824,1
4738,3176.8,0.0376,0.0018882,1,1
4739,3177.6,0.0839,0.058141,0.77877,1
4740,3178.4,0.0449,0.007597,0.96793,1
4741,3179.2,0.0656,0.031399,0.89788,1
4742,3180,0.1027,0.9124,0.96128,1
4743,3180.8,0.099,0.4736,0.80467,1
4744,3181.6,0.1219,4.787,0.7405,1
