celda,md,tvdss,phi,k,net,sw_perfil,sw_simulado
0,4316.8,2861.8,0.1854,324.31,1,0.24819,0.19883
1,4317.8,2862.6,0.22147,1568,1,0.22188,0.15708
2,4318.8,2863.3,0.23095,1872.7,1,0.21425,0.15238
3,4319.8,2864.1,0.21527,1208.9,1,0.19138,0.16398
4,4320.8,2864.9,0.20707,241.6,1,0.18226,0.20663
5,4321.8,2865.6,0.22636,132.15,1,0.20004,0.22261
6,4322.8,2866.4,0.20978,435.57,1,0.19274,0.19102
7,4323.8,2867.2,0.23424,10926,1,0.08312,0.10565
8,4324.8,2867.9,0.2343,3409.4,1,0.084263,0.13651
9,4325.8,2868.7,0.22869,4753.8,1,0.086433,0.1277
10,4326.8,2869.5,0.23058,7126.3,1,0.078086,0.11698
11,4327.8,2870.2,0.22962,139.69,1,0.10569,0.22115
12,4328.8,2871,0.22238,59.532,1,0.15039,0.24374
13,4329.8,2871.8,0.19582,27.995,1,0.18928,0.26402
14,4330.8,2872.6,0.23697,217.65,1,0.16705,0.2094
15,4331.8,2873.3,0.22856,146.99,1,0.19276,0.21979
16,4332.8,2874.1,0.20571,1010.7,1,0.19004,0.16872
17,4333.8,2874.9,0.21389,1333.1,1,0.17109,0.16138
18,4334.8,2875.6,0.20124,759.95,1,0.20896,0.17627
19,4335.8,2876.4,0.21369,168.31,1,0.19101,0.21621
20,4336.8,2877.2,0.26687,369.11,1,0.14115,0.1954
21,4337.8,2877.9,0.20984,89.291,1,0.15877,0.233
22,4338.8,2878.7,0.10608,1.324,1,0.27773,0.35119
23,3822,3013.4,0.12767,0.73386,0,0.40747,0.40229
24,3823,3014.3,0.13887,17.937,1,0.34755,0.27842
25,3824,3015.2,0.13494,66.404,1,0.33395,0.24134
26,3825,3016.1,0.14147,62.106,1,0.32992,0.24326
27,3826,3017,0.17731,229.35,1,0.24942,0.20801
28,3827,3017.9,0.18879,316.42,1,0.23462,0.19948
29,3828,3018.8,0.22846,876.84,1,0.17071,0.17248
30,3829,3019.7,0.20945,1094.1,1,0.21892,0.16662
31,3830,3020.7,0.15201,3.8908,0,0.20259,0.32965
32,3831,3021.6,0.20347,336.92,1,0.17277,0.19782
33,3832,3022.5,0.22969,381.37,1,0.16161,0.19454
34,3833,3023.4,0.25893,702.23,1,0.15856,0.17836
35,3834,3024.3,0.25742,936.23,1,0.15936,0.17075
36,3835,3025.2,0.2604,326.06,1,0.1404,0.19869
37,3836,3026.1,0.12735,0.61965,0,0.41881,0.42099
38,3837,3027,0.16976,63.629,1,0.2917,0.24306
39,3838,3027.9,0.1672,133.79,1,0.2873,0.22252
40,3839,3028.8,0.12654,1.2152,0,0.31644,0.38078
41,3840,3029.7,0.17864,353.35,1,0.2278,0.19656
42,3841,3030.6,0.17472,603.41,1,0.20774,0.18238
43,3842,3031.5,0.20419,602.28,1,0.21027,0.18243
44,3843,3032.4,0.17513,40.266,1,0.30997,0.25628
45,3844,3033.3,0.1934,6.016,1,0.29848,0.31842
46,3845,3034.2,0.24105,149.7,1,0.21079,0.2199
47,3846,3035.1,0.2373,88.923,1,0.20861,0.23441
48,3847,3036,0.21291,32.145,1,0.2187,0.26368
49,3848,3036.9,0.059906,0.1,0,0.51752,0.56241
50,3849,3037.8,0.20774,26.859,1,0.20471,0.2691
51,3850,3038.7,0.13292,2.2,1,0.30064,0.35632
52,3851,3039.6,0.22083,38.928,1,0.21998,0.25827
53,3852,3040.5,0.21614,26.535,1,0.20915,0.2699
54,3853,3041.4,0.20335,31.19,1,0.24831,0.26476
55,3854,3042.3,0.087206,0.21442,0,0.47835,0.51389
56,3855,3043.2,0.077344,0.65335,0,0.35122,0.40854
57,3856,3044.1,0.057595,0.18273,0,0.45852,0.49719
58,3857,3045,0.19857,19.606,1,0.22563,0.27941
59,3858,3045.9,0.18982,55.656,1,0.2123,0.24772
60,3859,3046.8,0.16966,90.204,1,0.21279,0.23382
61,3860,3047.7,0.20854,294.67,1,0.13597,0.20144
62,3861,3048.6,0.21343,2688.5,1,0.10244,0.1428
63,3862,3049.5,0.23169,3011.2,1,0.1017,0.1398
64,3863,3050.4,0.23816,3042.9,1,0.099486,0.13952
65,3864,3051.3,0.22947,4145.7,1,0.093825,0.13133
66,3865,3052.2,0.23352,4155.7,1,0.086283,0.13126
67,3866,3053.1,0.23531,4668.5,1,0.082496,0.12818
68,3867,3054,0.23215,1858.7,1,0.090493,0.15258
69,3868,3054.9,0.21957,2122.5,1,0.10366,0.14906
70,3869,3055.8,0.2266,3219,1,0.082758,0.13803
71,3870,3056.7,0.23437,6300.5,1,0.088979,0.12024
72,3871,3057.6,0.22503,3990.4,1,0.092879,0.13234
73,3872,3058.5,0.23861,5690.6,1,0.09942,0.12294
74,3873,3059.4,0.21719,3713.8,1,0.099549,0.13424
75,3874,3060.3,0.20942,1100.9,1,0.11126,0.16645
76,3875,3061.2,0.19664,136.16,1,0.18022,0.22297
77,3876,3062.1,0.10893,0.54596,0,0.38061,0.46495
78,3877,3063,0.096224,0.89538,0,0.28176,0.41446
79,3878,3063.9,0.24571,157.18,1,0.17149,0.21942
80,3879,3064.8,0.13642,10.833,1,0.14149,0.29973
81,3880,3065.7,0.12843,1.1072,1,0.29195,0.41748
82,3881,3066.6,0.22149,30.294,1,0.20504,0.26875
83,3882,3067.5,0.22209,76.256,1,0.20427,0.24026
84,3883,3068.4,0.21764,8.2162,1,0.22168,0.31839
85,3884,3069.3,0.1998,1.5232,1,0.22966,0.42303
86,3885,3070.2,0.17462,3.0195,1,0.23327,0.36591
87,3886,3071.1,0.19641,94.348,1,0.22725,0.23391
88,3887,3072,0.19956,600.13,1,0.21725,0.18253
89,3888,3072.9,0.20535,164.17,1,0.25175,0.21827
90,3889,3073.8,0.21024,127.98,1,0.22837,0.22545
91,3890,3074.7,0.20559,81.696,1,0.2395,0.23855
92,3891,3075.6,0.21619,53.768,1,0.23002,0.2516
93,3892,3076.5,0.16372,0.74874,1,0.35733,0.50295
94,3893,3077.4,0.19978,50.768,1,0.23266,0.25323
95,3894,3078.3,0.14323,8.5494,1,0.28985,0.31368
96,3895,3079.2,0.18025,1.4349,1,0.2994,0.43985
97,3896,3080.1,0.22508,51.325,1,0.25074,0.25395
98,3897,3081,0.19715,29.235,1,0.25707,0.27185
99,3898,3081.9,0.1837,25.421,1,0.25424,0.27639
100,3899,3082.8,0.18949,170.16,1,0.22869,0.21762
101,3900,3083.7,0.20974,1647.9,1,0.17944,0.15577
102,3901,3084.6,0.19866,1545.1,1,0.20732,0.15747
103,3902,3085.5,0.18476,819.57,1,0.22007,0.17427
104,3903,3086.4,0.18321,404.41,1,0.23197,0.19348
105,3904,3087.3,0.18549,317.75,1,0.23772,0.20021
106,3905,3088.2,0.17868,277.38,1,0.25808,0.20401
107,3906,3089.2,0.19098,312.23,1,0.26571,0.20085
108,3907,3090.1,0.17212,151.6,1,0.284,0.22123
109,3908,3091,0.17475,16.318,1,0.22463,0.29605
110,3909,3091.9,0.19511,7.1458,1,0.28002,0.33953
111,3910,3092.8,0.22713,110.18,1,0.25422,0.23195
112,3911,3093.7,0.23154,125.84,1,0.24258,0.22812
113,3912,3094.6,0.23011,124.81,1,0.24256,0.22846
114,3913,3095.5,0.22556,91.882,1,0.23709,0.23804
115,3914,3096.4,0.19664,82.93,1,0.24359,0.24073
116,3915,3097.3,0.18466,23.665,1,0.3113,0.28499
117,3916,3098.2,0.21498,53.066,1,0.28654,0.25673
118,3917,3099.1,0.22549,35.945,1,0.27191,0.27205
119,3918,3100,0.20351,13.477,1,0.31928,0.31462
120,3919,3100.9,0.14244,6.1925,1,0.46636,0.34929
121,4036.3,3149.4,0.15775,0.76175,0,0.93785,1
122,4037.3,3150.2,0.2223,2417.3,1,0.95579,0.76287
123,4038.3,3151.1,0.19873,921.38,1,1,1
124,4039.3,3152,0.20368,1077.8,1,0.99688,1
125,4040.3,3152.9,0.1919,702.57,1,1,1
126,4041.3,3153.8,0.19122,679.19,1,1,1
127,4042.3,3154.6,0.20476,1151.4,1,0.98997,1
128,4043.3,3155.5,0.20565,1193.8,1,0.99047,1
129,4044.3,3156.4,0.20253,1040.5,1,0.98354,1
130,4045.3,3157.3,0.20201,1026.9,1,0.96309,1
131,4046.3,3158.2,0.17964,56.449,1,1,1
132,4047.3,3159,0.1942,7.9463,1,0.97244,1
133,4048.3,3159.9,0.20747,54.958,1,0.95834,1
134,4049.3,3160.8,0.21213,62.734,1,0.96943,1
135,4050.3,3161.7,0.21537,70.027,1,0.93279,1
136,4051.3,3162.6,0.18629,29.252,1,0.96329,1
137,4052.3,3163.5,0.18519,28.184,1,0.99518,1
138,4053.3,3164.3,0.22259,85.469,1,0.99307,1
139,4054.3,3165.2,0.23639,138.45,1,0.99175,1
140,4055.3,3166.1,0.24074,160.96,1,0.98438,1
141,4056.3,3167,0.23905,153.4,1,0.98175,1
142,4057.3,3167.9,0.2353,136.81,1,0.98771,1
143,4058.3,3168.7,0.22755,104.79,1,0.98553,1
144,4059.3,3169.6,0.2298,114.1,1,0.97894,1
145,4060.3,3170.5,0.22802,106.22,1,0.98181,1
146,4061.3,3171.4,0.23494,133.61,1,0.9877,1
147,4062.3,3172.3,0.18491,25.939,1,1,1
148,4063.3,3173.1,0.18218,15.273,1,0.91277,1
149,4064.3,3174,0.23387,61.923,1,0.94193,1
150,4065.3,3174.9,0.17103,11.712,0,0.98396,1
151,4066.3,3175.8,0.15498,9.8001,1,0.98797,1
152,4067.3,3176.7,0.22609,50.54,1,0.99222,1
153,4068.3,3177.5,0.22568,52.102,1,0.99354,1
154,4069.3,3178.4,0.23017,56.05,1,0.9861,1
155,4070.3,3179.3,0.091763,0.1429,0,1,1
156,4071.3,3180.2,0.11182,0.17395,0,0.93229,1
157,4072.3,3181.1,0.087905,0.014143,0,0.87925,1
158,4073.3,3181.9,0.21568,68.728,1,0.92985,1
159,4074.3,3182.8,0.21684,64.536,1,0.92225,1
160,4075.3,3183.7,0.0582,0.001,0,0.47031,1
161,4076.3,3184.6,0.0019268,0.001,0,1,1
162,4077.3,3185.5,0.11456,0.010113,0,0.94196,1
163,4078.3,3186.4,0.18535,6.1088,1,0.99514,1
164,4079.3,3187.2,0.11597,1.1012,0,0.87721,1
165,4080.3,3188.1,0.20229,1666.1,1,1,1
166,4081.3,3189,0.21024,1495.6,1,1,1
167,4082.3,3189.9,0.21224,1581.5,1,0.99452,1
168,4083.3,3190.8,0.20263,1051.6,1,1,1
169,4084.3,3191.6,0.22191,2278.5,1,0.99207,1
170,4085.3,3192.5,0.19933,1139.4,1,0.95605,1
171,4086.3,3193.4,0.20059,970.52,1,0.99374,1
172,4087.3,3194.3,0.20187,998.61,1,0.99237,1
173,4088.3,3195.2,0.18777,650.17,1,0.98854,1
174,4089.3,3196,0.18088,432.44,1,1,1
175,4090.3,3196.9,0.18837,584.05,1,1,1
176,4091.3,3197.8,0.18762,559.92,1,0.97723,1
177,4092.3,3198.7,0.18608,563.09,1,0.98461,1
178,4093.3,3199.6,0.19319,716.71,1,0.98148,1
179,4094.3,3200.4,0.15475,1.4856,1,0.9852,1
180,4095.3,3201.3,0.20345,13.894,1,0.92268,1
181,4096.3,3202.2,0.2521,89.742,1,0.91677,1
182,4097.3,3203.1,0.22817,41.433,1,0.96623,1
183,4098.3,3204,0.20509,15.509,1,0.98257,1
184,4099.3,3204.8,0.16451,2.7159,1,0.99781,1
185,4100.3,3205.7,0.13283,0.019715,0,0.80031,1
186,4101.3,3206.6,0.21448,19.884,1,0.94958,1
187,4102.3,3207.5,0.15062,2.8707,1,1,1
188,4103.3,3208.4,0.19302,9.4236,1,0.96324,1
189,4104.3,3209.3,0.12284,0.87107,0,0.96114,1
190,4105.3,3210.1,0.18393,271.38,1,1,1
191,4106.3,3211,0.19489,794.11,1,1,1
192,4107.3,3211.9,0.20233,1020.3,1,0.99843,1
193,4108.3,3212.8,0.19434,798.21,1,0.94933,1
194,4109.3,3213.7,0.19676,831.46,1,1,1
195,4110.3,3214.5,0.19435,744.77,1,1,1
196,4111.3,3215.4,0.20351,1099.1,1,0.99999,1
197,4112.3,3216.3,0.20323,1090.4,1,0.97955,1
198,4113.3,3217.2,0.19743,856.5,1,1,1
199,4114.3,3218.1,0.21669,1951.1,1,0.99661,1
200,4115.3,3218.9,0.22405,2543.5,1,0.98666,1
201,4116.3,3219.8,0.21372,1780.8,1,0.99778,1
202,4117.3,3220.7,0.21748,1972.4,1,0.95883,1
203,4118.3,3221.6,0.21845,2011.6,1,1,1
204,4119.3,3222.5,0.21224,1630.2,1,1,1
205,4120.3,3223.3,0.21098,1497.7,1,1,1
206,4121.3,3224.2,0.21175,1541.4,1,1,1
207,4122.3,3225.1,0.2219,2343.4,1,1,1
208,4123.3,3226,0.21723,1970.1,1,1,1
209,4124.3,3226.9,0.22765,2921.9,1,1,1
210,4125.3,3227.7,0.22412,2583.4,1,0.99808,1
211,4126.3,3228.6,0.21861,2057.3,1,1,1
212,4127.3,3229.5,0.22299,2540.7,1,1,1
213,4128.3,3230.4,0.21184,1570.4,1,1,1
214,4129.3,3231.3,0.21857,2004.7,1,0.97134,1
215,4130.3,3232.1,0.21637,1917,1,0.9717,1
216,4131.3,3233,0.19301,106.48,1,0.9965,1
217,4132.3,3233.9,0.20472,989.8,1,0.89916,1
218,4133.3,3234.8,0.21993,2197,1,0.96146,1
219,4134.3,3235.7,0.21419,1703.2,1,0.99562,1
220,4135.3,3236.6,0.20796,1324.8,1,1,1
221,4136.3,3237.4,0.16687,141.83,1,1,1
222,4137.3,3238.3,0.12119,28.669,0,1,1
223,4138.3,3239.2,0.1549,150.99,1,0.66475,1
224,4139.3,3240.1,0.14003,0.32371,1,0.67342,1
225,4140.3,3241,0.17321,34.165,1,0.96668,1
226,4141.3,3241.8,0.19973,24.753,1,0.80586,1
227,4142.3,3242.7,0.22013,42.226,1,0.9405,1
228,4143.3,3243.6,0.21907,42.523,1,0.93836,1
229,4144.3,3244.5,0.24541,87.731,1,0.93313,1
230,4145.3,3245.4,0.24138,78.407,1,0.94219,1
231,4146.3,3246.2,0.22643,50.639,1,0.89693,1
232,4147.3,3247.1,0.1977,23.053,1,0.96505,1
233,4148.3,3248,0.20329,26.741,1,0.98228,1
234,4149.3,3248.9,0.20591,49.373,1,0.55962,1
235,4150.3,3249.8,0.22201,172.36,1,0.56557,1
236,4151.3,3250.6,0.22273,181.5,1,1,1
237,4152.3,3251.5,0.2068,102.99,1,0.99582,1
238,4153.3,3252.4,0.20253,87.055,1,0.98733,1
239,4154.3,3253.3,0.18559,31.529,1,0.98885,1
240,4155.3,3254.2,0.18672,28.227,1,0.92758,1
241,4156.3,3255,0.15489,19.477,1,0.36311,1
242,4157.3,3255.9,0.18236,250.54,1,0.48805,1
243,4158.3,3256.8,0.18351,248.98,1,1,1
244,4159.3,3257.7,0.18668,355.32,1,0.95201,1
245,4160.3,3258.6,0.18038,212.79,1,0.9874,1
246,4161.3,3259.5,0.19042,408.07,1,0.99135,1
247,4162.3,3260.3,0.20365,1120,1,0.82423,1
248,4163.3,3261.2,0.19551,0.13729,0,0.88109,1
249,4164.3,3262.1,0.20209,33.432,1,0.95639,1
250,4165.3,3263,0.2223,91.415,1,0.94669,1
251,4166.3,3263.9,0.2432,173.26,1,0.97884,1
252,4167.3,3264.7,0.2391,155.87,1,0.99261,1
253,4168.3,3265.6,0.23873,154.54,1,0.96931,1
254,4169.3,3266.5,0.25922,290.2,1,0.93701,1
255,4170.3,3267.4,0.21285,2.9249,0,0.9257,1
256,4171.3,3268.3,0.21597,0.86269,1,0.75673,1
257,4172.3,3269.1,0.25994,297.6,1,0.89528,1
258,4173.3,3270,0.24976,217.09,1,0.95497,1
259,4174.3,3270.9,0.22412,98.045,1,0.94997,1
260,4175.3,3271.8,0.21734,74.673,1,0.97919,1
261,4176.3,3272.7,0.21974,79.975,1,0.98679,1
262,4177.3,3273.5,0.22711,107.63,1,0.96648,1
263,3126.5,2818.7,0.21273,43.115,1,0.031379,0.25229
264,3127.5,2819.3,0.24772,92.961,1,0.069043,0.23193
265,3128.5,2819.9,0.24586,88.739,1,0.082372,0.23317
266,3129.5,2820.5,0.24976,99.02,1,0.084853,0.23026
267,3130.5,2821,0.25623,118.57,1,0.092347,0.22549
268,3131.5,2821.6,0.24514,87.052,1,0.10426,0.23367
269,3132.5,2822.2,0.2435,83.618,1,0.11291,0.23474
270,3133.5,2822.8,0.25999,130.2,1,0.10492,0.22301
271,3134.5,2823.4,0.17712,0.14582,1,0.24269,0.44991
272,3135.5,2824,0.2349,57.333,1,0.22716,0.24474
273,3136.5,2824.6,0.28092,238.03,1,0.11136,0.20703
274,3137.5,2825.2,0.27941,230,1,0.1083,0.20793
275,3138.5,2825.8,0.24916,99.918,1,0.15714,0.23002
276,3139.5,2826.3,0.15547,6.7271,1,0.27689,0.30287
277,3140.5,2826.9,0.094514,0.064275,0,0.40488,0.47842
278,3141.5,2827.5,0.18263,15.2,0,0.35511,0.28043
279,3142.5,2828.1,0.21794,86.156,0,0.31339,0.23395
280,3143.5,2828.7,0.27673,516.33,1,0.12026,0.18651
281,3144.5,2829.3,0.24229,173.76,1,0.1022,0.21536
282,3145.5,2829.9,0.20741,54.954,1,0.13671,0.24586
283,3146.5,2830.5,0.11045,1.5576,0,0.63577,0.34468
284,3147.5,2831.1,0.15354,2.4865,0,0.57815,0.33178
285,3148.5,2831.6,0.080383,0.001,0,0.99545,1
286,3149.5,2832.2,0.11041,0.28844,0,0.54454,0.40387
287,3150.5,2832.8,0.25473,8966.1,1,0.13483,0.11089
288,3151.5,2833.4,0.24236,5538.5,1,0.15088,0.12365
289,3152.5,2834,0.24523,6162.4,1,0.16206,0.12083
290,3153.5,2834.6,0.23521,4109.4,1,0.16928,0.13156
291,3154.5,2835.2,0.23393,3870.1,1,0.14539,0.13315
292,3155.5,2835.8,0.24138,5201.1,1,0.12813,0.12532
293,3156.5,2836.4,0.23544,4126.9,1,0.1256,0.13145
294,3157.5,2837,0.23507,4025.1,1,0.13411,0.13211
295,3158.5,2837.5,0.21916,2118.9,1,0.12747,0.14911
296,3159.5,2838.1,0.1989,905.97,1,0.13561,0.17162
297,3160.5,2838.7,0.19051,649.15,1,0.16155,0.18045
298,3161.5,2839.3,0.1538,143.81,1,0.37908,0.22037
299,3162.5,2839.9,0.1681,253.84,1,0.54135,0.20532
300,3163.5,2840.5,0.17261,324.41,1,0.24699,0.19882
301,3164.5,2841.1,0.098083,1.3883,1,0.23132,0.34797
302,3165.5,2841.7,0.19073,8.7287,1,0.10695,0.29605
303,3166.5,2842.3,0.20922,17.929,1,0.16451,0.27612
304,3167.5,2842.8,0.23193,43.551,1,0.18986,0.25202
305,3168.5,2843.4,0.2661,157.24,1,0.12499,0.21801
306,3169.5,2844,0.2627,139.22,1,0.12467,0.22123
307,3170.5,2844.6,0.25703,111.65,1,0.11085,0.22708
308,3171.5,2845.2,0.24742,79.768,1,0.10969,0.23599
309,3172.5,2845.8,0.26393,147.46,1,0.1021,0.21971
310,3173.5,2846.4,0.2545,100.59,1,0.12222,0.22984
311,3174.5,2847,0.25439,102.36,0,0.12933,0.22938
312,3175.5,2847.6,0.25828,118.24,0,0.13983,0.22556
313,3176.5,2848.2,0.26754,166.91,0,0.13694,0.21643
314,3177.5,2848.7,0.26223,136.81,0,0.13276,0.2217
315,3178.5,2849.3,0.25263,94.101,1,0.14763,0.23161
316,3179.5,2849.9,0.19807,11.841,1,0.21341,0.28762
317,3180.5,2850.5,0.1614,0.35119,0,0.3222,0.40444
318,3181.5,2851.1,0.20819,55.608,0,0.22524,0.24555
319,3182.5,2851.7,0.23328,125.89,0,0.13514,0.2239
320,3183.5,2852.3,0.24424,179.78,1,0.10147,0.21446
321,3184.5,2852.9,0.23342,127.59,1,0.10087,0.22355
322,3185.5,2853.5,0.24401,2493.5,1,0.094141,0.1448
323,3186.5,2854,0.2579,10302,1,0.068636,0.10721
324,3187.5,2854.6,0.24448,6108.9,1,0.057579,0.12106
325,3188.5,2855.2,0.25167,8017.7,1,0.046281,0.11385
326,3189.5,2855.8,0.25587,9527.4,1,0.041199,0.10928
327,3190.5,2856.4,0.24911,7261.3,1,0.039933,0.11648
328,3191.5,2857,0.25578,9520.4,1,0.037835,0.1093
329,3192.5,2857.6,0.25406,8863.4,1,0.038369,0.1112
330,3193.5,2858.2,0.24464,6030,1,0.041804,0.1214
331,3194.5,2858.8,0.21795,1990.5,1,0.047475,0.15076
332,3195.5,2859.4,0.17324,177.24,1,0.061266,0.21484
333,3196.5,2859.9,0.24095,5107.5,1,0.052586,0.1258
334,3197.5,2860.5,0.24263,5547.2,1,0.05343,0.12361
335,3198.5,2861.1,0.24602,6303.8,1,0.051361,0.12022
336,3199.5,2861.7,0.23789,4565.7,1,0.051485,0.12877
337,3200.5,2862.3,0.23555,4109.5,1,0.050451,0.13156
338,3201.5,2862.9,0.2286,3137.2,1,0.050789,0.13871
339,3202.5,2863.5,0.24184,5353.5,1,0.050329,0.12455
340,3203.5,2864.1,0.24905,7228.5,1,0.051632,0.1166
341,3204.5,2864.7,0.26526,13726,1,0.050469,0.09961
342,3205.5,2865.2,0.18645,84.22,1,0.06843,0.23455
343,3206.5,2865.8,0.19839,848.45,1,0.071279,0.17335
344,3207.5,2866.4,0.24035,5062.9,1,0.072551,0.12603
345,3208.5,2867,0.2652,269.51,1,0.087962,0.20374
346,3209.5,2867.6,0.26617,157.62,0,0.1048,0.21795
347,3210.5,2868.2,0.25444,113.45,0,0.11721,0.22666
348,3211.5,2868.8,0.253,1.2875,0,0.11528,0.3591
349,3212.5,2869.4,0.23853,1.224,1,0.11423,0.36038
350,3213.5,2870,0.21951,64.005,1,0.12036,0.24182
351,3214.5,2870.6,0.22695,206.15,1,0.12652,0.21083
352,3215.5,2871.1,0.20304,79.819,1,0.15271,0.23597
353,3216.5,2871.7,0.22147,34.944,0,0.18548,0.25806
354,3217.5,2872.3,0.23571,66.197,0,0.1953,0.24093
355,3218.5,2872.9,0.22391,318,0,0.15174,0.19935
356,3219.5,2873.5,0.21428,2152,1,0.12702,0.1487
357,3220.5,2874.1,0.24659,16968,1,0.1159,0.09399
358,3221.5,2874.7,0.2419,12589,1,0.12146,0.1019
359,3222.5,2875.3,0.23569,8334.4,1,0.12799,0.11283
360,3223.5,2875.9,0.2326,6807.3,1,0.1309,0.11819
361,3224.5,2876.5,0.23676,8959.7,1,0.12833,0.11091
362,3225.5,2877.1,0.23935,10554,1,0.12654,0.10657
363,3226.5,2877.7,0.22911,5428.2,1,0.13214,0.12419
364,3227.5,2878.3,0.23097,6098.4,1,0.1376,0.1211
365,3228.5,2878.9,0.23595,8383.5,1,0.13952,0.11267
366,3229.5,2879.5,0.23263,6806.6,1,0.14146,0.11819
367,3230.5,2880,0.22447,3954.6,1,0.1425,0.13258
368,3231.5,2880.6,0.21277,1853.3,1,0.14361,0.15265
369,3232.5,2881.2,0.19392,122.11,1,0.19129,0.22471
370,3233.5,2881.8,0.22571,100.51,0,0.22384,0.22987
371,3234.5,2882.4,0.2589,289.94,0,0.16842,0.2018
372,3235.5,2883,0.25635,268.79,0,0.15344,0.20381
373,3236.5,2883.6,0.2522,235.1,0,0.14252,0.20735
374,3237.5,2884.2,0.2649,355.32,1,0.12412,0.19641
375,3238.5,2884.8,0.27079,427.49,1,0.11928,0.19151
376,3239.5,2885.4,0.26938,411.16,1,0.1215,0.19255
377,3240.5,2886,0.27389,474.3,1,0.12392,0.18876
378,3241.5,2886.6,0.27703,524.08,1,0.1249,0.18612
379,3242.5,2887.2,0.2623,323.68,1,0.13275,0.19888
380,3243.5,2887.8,0.19037,31.995,1,0.15924,0.26045
381,3244.5,2888.4,0.17087,16.68,1,0.16455,0.27826
382,3245.5,2888.9,0.19719,38.995,1,0.14518,0.25509
383,3246.5,2889.5,0.22065,84.456,1,0.13274,0.23448
384,3247.5,2890.1,0.24837,204.91,1,0.12171,0.211
385,3248.5,2890.7,0.24227,170.01,1,0.12677,0.21594
386,3249.5,2891.3,0.23833,149.55,1,0.13561,0.21934
387,3250.5,2891.9,0.2441,180.96,1,0.14235,0.21429
388,3251.5,2892.5,0.24797,202.5,1,0.14604,0.21131
389,3252.5,2893.1,0.2397,155.58,1,0.15175,0.21829
390,3253.5,2893.7,0.22868,109.74,1,0.19544,0.22754
391,3254.5,2894.3,0.24026,158.88,1,0.34407,0.21773
392,3255.5,2894.9,0.261,310.13,1,0.36438,0.20002
393,3256.5,2895.5,0.26404,344.46,1,0.36393,0.19723
394,3257.5,2896.1,0.2645,348.75,1,0.36254,0.19691
395,3258.5,2896.7,0.24584,188.65,1,0.35366,0.21319
396,3259.5,2897.3,0.16036,2.2372,1,0.42294,0.33765
397,3260.5,2897.8,0.15998,11.264,1,0.41396,0.28926
398,3261.5,2898.4,0.19514,36.667,1,0.3145,0.25681
399,3262.5,2899,0.22457,94.428,1,0.29012,0.23152
400,3263.5,2899.6,0.21664,73.591,1,0.33649,0.23812
401,3264.5,2900.2,0.21615,72.079,1,0.30817,0.23867
402,3265.5,2900.8,0.19747,39.118,1,0.29794,0.25507
403,3266.5,2901.4,0.15484,9.9786,1,0.31527,0.29266
404,3267.5,2902,0.15878,11.37,1,0.2986,0.28904
405,3268.5,2902.6,0.20391,48.26,1,0.25882,0.24939
406,3269.5,2903.2,0.21652,73.473,1,0.26425,0.23817
407,3270.5,2903.8,0.23653,140.79,1,0.31883,0.22094
408,3271.5,2904.4,0.25002,216.3,1,0.31877,0.20956
409,3272.5,2905,0.19274,34.862,1,0.40716,0.25823
410,3273.5,2905.6,0.16183,13.683,0,0.42262,0.28389
411,3274.5,2906.2,0.21723,73.953,1,0.2996,0.23799
412,3275.5,2906.8,0.21154,62.342,1,0.30305,0.24252
413,3276.5,2907.4,0.22215,88.905,1,0.35046,0.23312
414,3277.5,2907.9,0.24294,184.28,0,0.49328,0.21381
415,3278.5,2908.5,0.19622,39.958,0,0.63323,0.25453
416,3279.5,2909.1,0.22566,94.743,0,0.60851,0.23143
417,3249.8,2931.3,0.20919,58.185,1,0.22358,0.2445
418,3250.8,2932,0.23346,126.84,1,0.13122,0.2237
419,3251.8,2932.6,0.23757,146.72,1,0.13727,0.21984
420,3252.8,2933.2,0.23619,138.25,1,0.13993,0.22142
421,3253.8,2933.8,0.23288,125.96,1,0.14601,0.22389
422,3254.8,2934.5,0.23547,136.69,1,0.1462,0.22172
423,3255.8,2935.1,0.23268,123.1,1,0.14633,0.22449
424,3256.8,2935.7,0.2114,63.211,1,0.16552,0.24228
425,3257.8,2936.3,0.2422,169.18,1,0.14126,0.21607
426,3258.8,2937,0.26087,313.99,1,0.12934,0.19969
427,3259.8,2937.6,0.27243,448.51,1,0.12635,0.19024
428,3260.8,2938.2,0.22822,119.1,1,0.15634,0.22537
429,3261.8,2938.8,0.26323,330.87,1,0.14073,0.1983
430,3262.8,2939.4,0.26962,413.82,1,0.13754,0.19237
431,3263.8,2940.1,0.26507,355.22,1,0.14371,0.19642
432,3264.8,2940.7,0.24098,167.55,1,0.16025,0.21633
433,3265.8,2941.3,0.26229,323.4,1,0.1562,0.19891
434,3266.8,2941.9,0.24807,205.42,1,0.16923,0.21093
435,3267.8,2942.6,0.24757,208.17,1,0.18609,0.21058
436,3268.8,2943.2,0.27837,545.18,1,0.15274,0.18507
437,3269.8,2943.8,0.27485,490.2,1,0.14276,0.18789
438,3270.8,2944.4,0.2771,526.81,1,0.13408,0.18598
439,3271.8,2945.1,0.19942,11.525,1,0.21656,0.29006
440,3272.8,2945.7,0.21939,37.59,1,0.34201,0.25666
441,3273.8,2946.3,0.25817,126.59,1,0.18755,0.22375
442,3274.8,2946.9,0.2617,138.41,1,0.17658,0.22139
443,3275.8,2947.5,0.2367,69.703,1,0.19605,0.23978
444,3276.8,2948.2,0.24952,98.031,1,0.19534,0.23054
445,3277.8,2948.8,0.26181,139.47,1,0.20657,0.22119
446,3278.8,2949.4,0.21468,28.304,1,0.28458,0.26459
447,3279.8,2950,0.21789,36.096,1,0.34134,0.25783
448,3280.8,2950.7,0.28337,650.41,1,0.10682,0.1804
449,3281.8,2951.3,0.27653,512.39,1,0.14484,0.18671
450,3282.8,2951.9,0.2726,459.85,1,0.1444,0.18958
451,3283.8,2952.5,0.25383,256.76,1,0.15911,0.20502
452,3284.8,2953.1,0.2717,444.15,1,0.15462,0.1905
453,3285.8,2953.7,0.26773,381.09,1,0.16474,0.19456
454,3286.8,2954.3,0.099657,0.44744,1,0.4614,0.40077
455,3287.8,2954.9,0.02945,0.0033582,0,0.79071,0.98497
456,3288.8,2955.5,0.081743,0.94127,0,0.84925,0.36638
457,3289.8,2956.1,0.090017,1.1866,0,1,0.35898
458,3290.8,2956.7,0.0479,0.017672,0,0.86087,0.65874
459,3291.8,2957.3,0.093557,3.9892,0,0.51001,0.31949
460,3292.8,2957.9,0.16937,111.72,1,0.33724,0.22706
461,3293.8,2958.5,0.27461,20360,1,0.078776,0.08916
462,3294.8,2959.1,0.27077,17832,1,0.10385,0.09268
463,3295.8,2959.7,0.26453,13854,1,0.10747,0.09936
464,3296.8,2960.2,0.25473,9418.6,1,0.11474,0.10959
465,3297.8,2960.8,0.272,18563,1,0.12037,0.09161
466,3298.8,2961.4,0.27034,17475,1,0.1242,0.09321
467,3299.8,2962,0.26535,14202,1,0.13142,0.09871
468,3300.8,2962.6,0.25364,8671.8,1,0.13119,0.11178
469,3301.8,2963.2,0.22942,3316.3,1,0.20314,0.13724
470,3302.8,2963.8,0.23177,3504.5,1,0.17644,0.13578
471,3303.8,2964.4,0.23275,3732.5,1,0.11595,0.13411
472,3304.8,2965,0.22211,2374.6,1,0.11057,0.14609
473,3305.8,2965.6,0.22005,2127.6,1,0.096583,0.149
474,3306.8,2966.2,0.21067,1498.8,1,0.094101,0.15828
475,3307.8,2966.8,0.22407,2564.8,1,0.091108,0.14405
476,3308.8,2967.4,0.23217,3556.3,1,0.09564,0.13539
477,3309.8,2967.9,0.22416,2613.5,1,0.10947,0.14355
478,3310.8,2968.5,0.20597,1235.6,1,0.1338,0.1634
479,3311.8,2969.1,0.21944,1603.1,1,0.1913,0.1565
480,3312.8,2969.7,0.22298,30.157,1,0.21745,0.26325
481,3313.8,2970.3,0.22587,34.291,1,0.18774,0.25964
482,3314.8,2970.9,0.21713,24.692,1,0.20705,0.26889
483,3315.8,2971.5,0.22207,29.616,1,0.28527,0.26379
484,3316.8,2972.1,0.22646,34.882,1,0.31927,0.2592
485,3317.8,2972.7,0.2467,75.437,1,0.31382,0.2379
486,3318.8,2973.3,0.26501,154.73,1,0.29767,0.21844
487,3319.8,2973.9,0.27518,219.49,1,0.27829,0.20917
488,3320.8,2974.5,0.26236,138.36,1,0.28996,0.2214
489,3321.8,2975,0.25415,102.07,1,0.30309,0.22966
490,3322.8,2975.6,0.24639,74.665,1,0.29812,0.2382
491,3323.8,2976.2,0.258,117.07,1,0.2522,0.22596
492,3324.8,2976.8,0.26792,168.66,1,0.22297,0.21615
493,3325.8,2977.4,0.22317,33.097,1,0.25187,0.26077
494,3326.8,2978,0.1807,5.9924,1,0.19079,0.31117
495,3327.8,2978.5,0.16464,3.2856,1,0.22749,0.33081
496,3328.8,2979.1,0.1965,10.969,1,0.20326,0.29271
497,3329.8,2979.7,0.17803,5.4828,1,0.14222,0.3141
498,3330.8,2980.3,0.064583,0.0055164,0,0.28406,1
499,3331.8,2980.8,0.15053,1.8618,1,0.14256,0.35128
500,3332.8,2981.4,0.1781,2.684,1,0.12616,0.33933
501,3333.8,2982,0.21048,2.4656,1,0.11894,0.34497
502,3334.8,2982.6,0.21901,2069.5,1,0.11744,0.14973
503,3335.8,2983.1,0.2397,4899.9,1,0.10535,0.1269
504,3336.8,2983.7,0.21613,1868.7,1,0.10591,0.15244
505,3337.8,2984.3,0.20333,1086.9,1,0.10372,0.16679
506,3338.8,2984.9,0.20846,1353.5,1,0.099043,0.16098
507,3339.8,2985.4,0.21797,1983.2,1,0.099697,0.15086
508,3340.8,2986,0.2176,2006.2,1,0.11006,0.15055
509,3341.8,2986.6,0.22656,2793.6,1,0.11371,0.14178
510,3342.8,2987.1,0.22367,2559.5,1,0.11465,0.1441
511,3343.8,2987.7,0.23303,3730.2,1,0.10654,0.13412
512,3344.8,2988.3,0.24122,5153.2,1,0.10004,0.12556
513,3345.8,2988.9,0.2331,3776,1,0.1006,0.1338
514,3346.8,2989.4,0.23488,3997,1,0.097998,0.13229
515,3347.8,2990,0.23253,3668,1,0.10085,0.13457
516,3348.8,2990.6,0.23721,4429.5,1,0.10648,0.12957
517,3349.8,2991.2,0.23272,3655.7,1,0.11151,0.13466
518,3350.8,2991.7,0.22449,2632.6,1,0.093008,0.14336
519,3351.8,2992.3,0.22877,3135.5,1,0.081036,0.13873
520,3352.8,2992.9,0.2286,3097.8,1,0.078178,0.13905
521,3353.8,2993.4,0.2257,2778.7,1,0.079437,0.14193
522,3354.8,2994,0.24781,6919.4,1,0.075486,0.11776
523,3355.8,2994.6,0.24983,7290.3,1,0.077992,0.11637
524,3356.8,2995.2,0.23307,3809.6,1,0.1069,0.13357
525,3357.8,2995.7,0.23834,4578.7,1,0.10975,0.12869
526,3358.8,2996.3,0.2243,2640.1,1,0.11905,0.14328
527,3359.8,2996.9,0.20473,1151.3,1,0.12068,0.16527
528,3360.8,2997.5,0.20685,1259.9,1,0.1106,0.16288
529,3361.8,2998,0.22196,2370.8,1,0.10261,0.14613
530,3362.8,2998.6,0.21787,1967.6,1,0.10073,0.15107
531,3363.8,2999.2,0.18391,505.37,1,0.10627,0.18708
532,3364.8,2999.7,0.19987,963.32,1,0.095053,0.16999
533,3365.8,3000.3,0.23638,4289.1,1,0.084693,0.13043
534,3366.8,3000.9,0.23873,4666.2,1,0.083828,0.12819
535,3367.8,3001.5,0.22473,2681.4,1,0.085718,0.14287
536,3368.8,3002,0.22496,2648.8,1,0.074683,0.14319
537,3369.8,3002.6,0.22733,2954.4,1,0.087086,0.1403
538,3370.8,3003.2,0.23299,156.93,1,0.23081,0.21814
539,3371.8,3003.7,0.24316,82.337,1,0.3205,0.23589
540,3372.8,3004.3,0.25128,102.47,1,0.32254,0.22989
541,3373.8,3004.9,0.26474,154.48,1,0.29889,0.21868
542,3374.8,3005.5,0.26303,143.89,1,0.30165,0.22063
543,3375.8,3006,0.26267,144.5,1,0.2968,0.22053
544,3376.8,3006.6,0.25488,112.63,1,0.26953,0.22733
545,3377.8,3007.2,0.20817,31.367,1,0.25193,0.26296
546,3378.8,3007.7,0.18098,24.19,1,0.27558,0.27017
547,3379.8,3008.3,0.039429,0.91376,0,0.21739,0.36641
548,3380.8,3008.9,0.26759,872.95,1,0.17957,0.1726
549,3381.8,3009.5,0.23858,316.96,1,0.23182,0.19944
550,3382.8,3010,0.22339,186.32,1,0.25593,0.21351
551,3383.8,3010.6,0.21003,114.84,1,0.33878,0.22667
552,3384.8,3011.2,0.21654,142.43,1,0.40643,0.22081
553,3385.8,3011.7,0.20973,116.04,1,0.35697,0.2264
554,3386.8,3012.3,0.23283,254.88,1,0.39177,0.20521
555,3387.8,3012.9,0.202,43.381,1,0.38698,0.25377
556,3388.8,3013.5,0.21137,33.856,0,0.5704,0.261
557,3389.8,3014,0.2092,31.668,1,0.42848,0.26294
558,3390.8,3014.6,0.15725,7.2323,1,0.34423,0.30723
559,3391.8,3015.2,0.023714,0.23361,0,0.48916,0.41632
560,3392.8,3015.7,0.20338,7038,1,0.19762,0.11731
561,3393.8,3016.3,0.24824,19886,1,0.19129,0.08979
562,3394.8,3016.9,0.23518,7855.9,1,0.19903,0.11439
563,3395.8,3017.4,0.2058,1179.4,1,0.24103,0.16463
564,3396.8,3018,0.19506,573.8,1,0.27732,0.18372
565,3397.8,3018.6,0.21093,1738.1,1,0.31126,0.15436
566,3398.8,3019.2,0.24031,11056,1,0.31266,0.10534
567,3399.8,3019.7,0.2343,7946,1,0.31319,0.11409
568,3400.8,3020.3,0.23486,8104.5,1,0.33162,0.11357
569,3401.8,3020.9,0.21517,2255,1,0.38551,0.14746
570,3402.8,3021.4,0.20739,1237,1,0.41514,0.16337
571,3403.8,3022,0.17095,117.16,1,0.49284,0.2261
572,3404.8,3022.6,0.17764,29.233,1,0.67703,0.26519
573,3405.8,3023.2,0.16187,3.3981,1,0.75519,0.33632
574,3406.8,3023.7,0.13967,1.2812,1,0.66803,0.37849
575,3407.8,3024.3,0.13704,0.4249,1,0.65278,0.45422
576,3408.8,3024.9,0.19648,38.786,1,0.54946,0.25733
577,3409.8,3025.5,0.23723,141.23,1,0.5592,0.22132
578,3410.8,3026,0.24442,183.76,1,0.59877,0.21414
579,3411.8,3026.6,0.24261,173.28,1,0.60986,0.21576
580,3412.8,3027.2,0.25017,217.89,1,0.5936,0.20953
581,3413.8,3027.7,0.24797,203.66,1,0.59162,0.21137
582,3414.8,3028.3,0.23549,133.04,1,0.56767,0.22302
583,3415.8,3028.9,0.20808,57.228,1,0.60679,0.24645
584,3416.8,3029.5,0.22896,109.51,1,0.60272,0.22838
585,3417.8,3030,0.25078,220.2,1,0.60762,0.20928
586,3418.8,3030.6,0.20943,51.401,1,0.6374,0.24961
587,3419.8,3031.2,0.19672,4.5585,1,0.60073,0.32917
588,3420.8,3031.8,0.23837,149.25,1,0.68979,0.21992
589,3421.8,3032.3,0.24177,160.12,1,0.69699,0.218
590,3422.8,3032.9,0.111,0.16803,1,0.91619,0.55627
591,3473.6,3000.5,0.17895,21.07,1,0.1804,0.2739
592,3474.6,3001.2,0.20784,55.746,1,0.18116,0.24649
593,3475.6,3001.9,0.2178,76.189,1,0.21933,0.23788
594,3476.6,3002.6,0.20928,57.874,1,0.22586,0.24549
595,3477.6,3003.3,0.21027,60.226,1,0.22608,0.24439
596,3478.6,3004,0.22472,94.531,1,0.20562,0.23199
597,3479.6,3004.7,0.22683,104.03,1,0.19714,0.22937
598,3480.6,3005.3,0.22993,114.44,1,0.18226,0.22679
599,3481.6,3006,0.22084,84.439,1,0.18221,0.23512
600,3482.6,3006.6,0.21916,80.387,1,0.17685,0.23648
601,3483.6,3007.3,0.2234,92.01,1,0.15466,0.23279
602,3484.6,3007.9,0.22129,85.352,1,0.14369,0.23486
603,3485.6,3008.6,0.21922,73.052,1,0.15708,0.23917
604,3486.6,3009.2,0.19213,5.2639,1,0.32074,0.31915
605,3487.6,3009.9,0.27295,190.99,1,0.11219,0.21299
606,3488.6,3010.5,0.27457,199.51,1,0.1344,0.21181
607,3489.6,3011.2,0.2757,207.63,1,0.14067,0.21074
608,3490.6,3011.8,0.27314,191.55,1,0.13511,0.21292
609,3491.6,3012.5,0.26896,167.64,1,0.10538,0.21655
610,3492.6,3013.1,0.11808,2.7798,1,0.27233,0.33807
611,3493.6,3013.8,0.02626,0.17329,0,1,0.43359
612,3494.6,3014.5,0.00875,0.022086,0,1,0.52602
613,3495.6,3015.1,0.041629,0.2665,0,0.80935,0.42456
614,3496.6,3015.8,0.093067,1.1622,1,0.40604,0.37056
615,3497.6,3016.4,0.099371,1.3906,1,0.33377,0.36423
616,3498.6,3017.1,0.048157,0.32337,0,0.76594,0.41911
617,3499.6,3017.7,0.032383,0.21681,0,1,0.42949
618,3500.6,3018.4,0.1865,29.375,1,0.22903,0.265
619,3501.6,3019,0.22248,89.667,1,0.16823,0.23368
620,3502.6,3019.7,0.2346,132.04,1,0.15295,0.22308
621,3503.6,3020.3,0.24958,215.05,1,0.14786,0.2098
622,3504.6,3021,0.2471,198.22,1,0.15376,0.21202
623,3505.6,3021.6,0.24912,212.97,1,0.15806,0.21008
624,3506.6,3022.3,0.24546,190.31,1,0.16311,0.21313
625,3507.6,3022.9,0.25863,285.63,1,0.16284,0.2022
626,3508.6,3023.6,0.2606,306.52,1,0.16849,0.20033
627,3509.6,3024.2,0.25033,219.91,1,0.16558,0.20924
628,3510.6,3024.9,0.11893,3.9785,0,0.31234,0.32676
629,3511.6,3025.5,0.14366,7.0297,1,0.52646,0.30873
630,3512.6,3026.2,0.11808,3.4065,1,0.6979,0.33274
631,3513.6,3026.8,0.086557,0.011716,0,0.97743,1
632,3514.6,3027.5,0.066157,0.0010026,0,1,1
633,3515.6,3028.1,0.10273,0.0084232,0,0.53647,1
634,3516.6,3028.8,0.21317,354.88,1,0.077411,0.19645
635,3517.6,3029.5,0.25452,8855.2,1,0.084578,0.11122
636,3518.6,3030.1,0.26393,13384,1,0.056381,0.10028
637,3519.6,3030.8,0.26563,14455,1,0.090661,0.09824
638,3520.6,3031.4,0.26173,12043,1,0.093045,0.10307
639,3521.6,3032,0.24757,6855.9,1,0.10035,0.118
640,3522.6,3032.6,0.24756,7000.1,1,0.10222,0.11745
641,3523.6,3033.2,0.25017,7599.1,1,0.098235,0.11527
642,3524.6,3033.8,0.23355,3844.9,1,0.10045,0.13332
643,3525.6,3034.5,0.24149,5292.1,1,0.10044,0.12486
644,3526.6,3035.1,0.24703,6702.7,1,0.098115,0.1186
645,3527.6,3035.7,0.25926,10892,1,0.096878,0.10574
646,3528.6,3036.3,0.25293,8443.6,1,0.10262,0.11248
647,3529.6,3036.9,0.25287,8489.5,1,0.094547,0.11234
648,3530.6,3037.5,0.26443,13533,1,0.084559,0.09999
649,3531.6,3038.1,0.24602,6560.6,1,0.098981,0.11917
650,3532.6,3038.7,0.23867,4644.5,1,0.095893,0.12832
651,3533.6,3039.3,0.21743,1981.4,1,0.10582,0.15088
652,3534.6,3040,0.21469,1738.1,1,0.11559,0.15436
653,3535.6,3040.6,0.21378,1669.4,1,0.12004,0.15542
654,3536.6,3041.2,0.19923,936.01,1,0.13649,0.17075
655,3537.6,3041.8,0.21803,2009.9,1,0.12882,0.15051
656,3538.6,3042.4,0.20394,1137,1,0.14319,0.1656
657,3539.6,3043,0.21237,1649.1,1,0.12672,0.15575
658,3540.6,3043.6,0.2391,4871,1,0.10742,0.12706
659,3541.6,3044.2,0.25424,8945.7,1,0.09055,0.11095
660,3542.6,3044.8,0.24297,5638.4,1,0.089785,0.12318
661,3543.6,3045.5,0.24294,5533.3,1,0.091189,0.12368
662,3544.6,3046.1,0.21205,1572.4,1,0.098873,0.15701
663,3545.6,3046.7,0.1814,49.329,1,0.22017,0.25111
664,3546.6,3047.3,0.21603,23.559,1,0.22137,0.27426
665,3547.6,3047.9,0.22236,29.614,1,0.12663,0.26728
666,3548.6,3048.5,0.2148,22.468,1,0.13455,0.27589
667,3549.6,3049.1,0.20852,17.494,1,0.16094,0.28396
668,3550.6,3049.7,0.20556,15.781,1,0.1621,0.2874
669,3551.6,3050.4,0.22452,31.817,1,0.14652,0.26533
670,3552.6,3051,0.22029,27.561,1,0.14857,0.26973
671,3553.6,3051.6,0.21742,24.658,1,0.17717,0.27333
672,3554.6,3052.2,0.21189,20.137,1,0.22465,0.27978
673,3555.6,3052.8,0.22543,33.183,1,0.22168,0.26427
674,3556.6,3053.4,0.2229,30.324,1,0.22999,0.26705
675,3557.6,3054,0.2181,25.467,1,0.25192,0.2726
676,3558.6,3054.6,0.21615,24.01,1,0.24732,0.27452
677,3559.6,3055.2,0.2259,34.205,1,0.21555,0.26358
678,3560.6,3055.8,0.22538,33.302,1,0.19255,0.26445
679,3561.6,3056.4,0.21219,20.001,1,0.1963,0.28069
680,3562.6,3057,0.19,8.632,1,0.25344,0.30985
681,3563.6,3057.6,0.17053,4.0663,1,0.18576,0.34074
682,3564.6,3058.2,0.13086,0.035465,0,0.21198,1
683,3565.6,3058.7,0.17335,4.6479,1,0.22344,0.33512
684,3566.6,3059.3,0.22733,35.38,1,0.23926,0.26296
685,3567.6,3059.9,0.2246,32.55,1,0.25066,0.26561
686,3568.6,3060.5,0.22123,28.131,1,0.22861,0.27031
687,3569.6,3061.1,0.18567,0.74192,1,0.37754,0.47639
688,3570.6,3061.7,0.26246,135.75,1,0.24331,0.2236
689,3571.6,3062.2,0.25603,108.29,1,0.25363,0.23008
690,3572.6,3062.8,0.25908,121.21,1,0.252,0.22688
691,3573.6,3063.4,0.26181,134.11,1,0.24767,0.22402
692,3574.6,3064,0.25553,109.74,1,0.25175,0.22978
693,3575.6,3064.6,0.25193,92.246,1,0.2553,0.23484
694,3576.6,3065.2,0.25137,85.891,1,0.24661,0.23697
695,3577.6,3065.7,0.2142,22.258,1,0.25176,0.2787
696,3578.6,3066.3,0.20742,17.322,1,0.24306,0.28734
697,3579.6,3066.9,0.18776,8.0801,1,0.26354,0.31563
698,3580.6,3067.5,0.20644,16.117,1,0.24259,0.29008
699,3581.6,3068.1,0.2242,32.238,1,0.21814,0.26703
700,3582.6,3068.7,0.25234,92.546,1,0.16736,0.23504
701,3583.6,3069.2,0.19948,15.959,1,0.20245,0.2905
702,3584.6,3069.8,0.20717,15.867,1,0.36074,0.29137
703,3585.6,3070.4,0.1948,11.534,1,0.30116,0.30301
704,3586.6,3071,0.024683,0.0041101,0,0.80657,1
705,3587.6,3071.6,0.17184,5.481,1,0.226,0.33392
706,3588.6,3072.2,0.12688,1.1025,1,0.3914,0.42597
707,3589.6,3072.7,0.23776,54.803,1,0.29181,0.25109
708,3590.6,3073.3,0.24645,78.622,1,0.27681,0.24023
709,3591.6,3073.9,0.18549,7.3052,1,0.2788,0.32311
710,3592.6,3074.5,0.081333,0.21177,0,0.47324,0.6016
711,3593.6,3075.1,0.048325,0.31194,0,0.64528,0.48307
712,3594.6,3075.7,0.12158,3.2679,1,0.41249,0.35414
713,3595.6,3076.2,0.074543,0.82283,0,0.52273,0.42541
714,3596.6,3076.8,0.0836,0.96545,1,0.41972,0.41996
715,3598.6,3078,0.16959,16.177,1,0.24275,0.29078
716,3599.6,3078.6,0.22405,91.939,1,0.19374,0.23567
717,3600.6,3079.2,0.20109,44.945,1,0.19408,0.25739
718,3601.6,3079.7,0.199,59.806,1,0.14258,0.24842
719,3602.6,3080.3,0.21101,1498.5,1,0.10208,0.15829
720,3603.6,3080.9,0.21584,1853.2,1,0.080745,0.15266
721,3604.6,3081.5,0.23263,3603.4,1,0.097209,0.13504
722,3605.6,3082,0.23223,3600.1,1,0.066709,0.13507
723,3606.6,3082.6,0.228,3049.5,1,0.079919,0.13946
724,3607.6,3083.2,0.23124,3490.5,1,0.080646,0.13588
725,3608.6,3083.8,0.22797,3060.6,1,0.079048,0.13937
726,3609.6,3084.4,0.23671,4315.1,1,0.076998,0.13027
727,3610.6,3084.9,0.23497,4019.9,1,0.078014,0.13214
728,3611.6,3085.5,0.2118,1582.9,1,0.085712,0.15683
729,3612.6,3086.1,0.21447,1719.9,1,0.084347,0.15463
730,3613.6,3086.7,0.21177,1558.4,1,0.087415,0.15725
731,3614.6,3087.2,0.21226,1587.5,1,0.092414,0.15676
732,3615.6,3087.8,0.21708,1898.1,1,0.095895,0.15202
733,3616.6,3088.4,0.19254,720.92,1,0.11084,0.17776
734,3617.6,3089,0.2071,1270.9,1,0.10309,0.16265
735,3618.6,3089.5,0.20959,1414.8,1,0.10007,0.15981
736,3619.6,3090.1,0.212,1563.6,1,0.097237,0.15716
737,3620.6,3090.7,0.21435,1716.6,1,0.096673,0.15469
738,3621.6,3091.3,0.20877,1383.6,1,0.099202,0.1604
739,3622.6,3091.8,0.20918,1367.1,1,0.099376,0.16072
740,3623.6,3092.4,0.19417,737.82,1,0.11206,0.17724
741,3624.6,3093,0.088317,0.64791,0,0.23626,0.5089
742,3625.6,3093.6,0.13809,72.652,1,0.20351,0.2427
743,3626.6,3094.2,0.15673,9.1407,1,0.24979,0.32244
744,3627.6,3094.7,0.21443,36.083,0,0.33707,0.26928
745,3628.6,3095.3,0.23663,66.604,1,0.28212,0.2489
746,3629.6,3095.9,0.18182,15.045,1,0.07246,0.3033
747,3630.6,3096.5,0.18257,14.817,1,0.022269,0.30444
748,3631.6,3097,0.15942,7.4272,1,0.039352,0.33691
749,3632.6,3097.6,0.1566,7.398,1,0.30538,0.33722
750,3633.6,3098.2,0.20347,27.166,1,0.36428,0.28132
751,3634.6,3098.8,0.16786,9.6986,1,0.39191,0.32572
752,3635.6,3099.3,0.06575,0.42151,0,0.62091,0.56823
753,3636.6,3099.9,0.067829,0.070971,0,0.5025,1
754,3637.6,3100.5,0.21943,41.642,1,0.23896,0.26678
755,3638.6,3101.1,0.22865,53.701,1,0.26869,0.25803
756,3639.6,3101.7,0.22866,55.477,1,0.28337,0.25709
757,3640.6,3102.2,0.23918,73.445,1,0.27704,0.2477
758,3641.6,3102.8,0.24319,81.833,1,0.26928,0.24436
759,3642.6,3103.4,0.25765,123.9,1,0.25254,0.2311
760,3643.6,3104,0.26457,150.47,1,0.24433,0.22507
761,3644.6,3104.5,0.26437,149.04,1,0.24727,0.22554
762,3645.6,3105.1,0.25647,120.86,1,0.2627,0.23232
763,3646.6,3105.7,0.25403,112.38,1,0.27263,0.23486
764,3647.6,3106.2,0.2561,117.18,1,0.25919,0.23369
765,3648.6,3106.8,0.24474,85.011,1,0.25385,0.24458
766,3649.6,3107.4,0.23585,68.1,1,0.24923,0.25244
767,3650.6,3108,0.24483,84.932,1,0.23821,0.24516
768,3651.6,3108.5,0.24493,86.586,1,0.23699,0.24474
769,3652.6,3109.1,0.24047,75.029,1,0.24038,0.24994
770,3653.6,3109.7,0.22534,50.073,1,0.25643,0.26519
771,3654.6,3110.3,0.20965,31.486,1,0.25303,0.28452
772,3655.6,3110.8,0.20427,30.051,1,0.23701,0.28665
773,3656.6,3111.4,0.24435,385.65,1,0.22741,0.19739
774,3657.6,3112,0.22197,177.05,1,0.2857,0.22103
775,3658.6,3112.6,0.2294,225.98,1,0.28628,0.21367
776,3659.6,3113.1,0.2254,199.2,1,0.26691,0.21765
777,3660.6,3113.7,0.21241,123.87,1,0.28059,0.23322
778,3661.6,3114.3,0.20858,109.37,1,0.31903,0.23755
779,3662.6,3114.9,0.20646,101.23,1,0.34711,0.2406
780,3663.6,3115.4,0.20657,103.82,1,0.37143,0.24001
781,3664.6,3116,0.21103,117.95,1,0.35959,0.23592
782,3665.6,3116.6,0.2166,147.7,1,0.34448,0.22865
783,3666.6,3117.2,0.22876,223.64,1,0.3183,0.21542
784,3667.6,3117.7,0.23323,263.18,1,0.31668,0.21041
785,3668.6,3118.3,0.21769,154.1,1,0.33183,0.22804
786,3669.6,3118.9,0.2242,184.7,1,0.32862,0.22238
787,3670.6,3119.4,0.17495,34.862,1,0.32266,0.28716
788,3671.6,3120,0.19223,60.683,1,0.22147,0.26371
789,3672.6,3120.6,0.13647,0.016618,0,0.34621,1
790,3673.6,3121.2,0.1752,23.542,0,0.31923,0.3126
791,3674.6,3121.7,0.22162,2389.3,0,0.35335,0.14646
792,3675.6,3122.3,0.21141,1532.8,0,0.47863,0.15882
793,3676.6,3122.9,0.19109,730.9,0,0.56094,0.17987
794,3677.6,3123.5,0.25515,9194.9,1,0.37518,0.11022
795,3678.6,3124,0.2613,11867,1,0.35766,0.10347
796,3679.6,3124.6,0.26313,13266,1,0.34496,0.10051
797,3680.6,3125.2,0.26033,11820,1,0.34212,0.10357
798,3681.6,3125.8,0.27325,19058,1,0.31602,0.09092
799,3682.6,3126.3,0.21127,1537.5,1,0.30237,0.1593
800,3683.6,3126.9,0.2085,1372,1,0.19268,0.16263
801,3684.6,3127.5,0.20624,1154.9,1,0.21084,0.16774
802,3685.6,3128.1,0.19696,640.39,1,0.28632,0.18543
803,3686.6,3128.7,0.20273,916.27,1,0.30618,0.17485
804,3687.6,3129.3,0.20501,1075.8,1,0.30776,0.1703
805,3688.6,3129.8,0.2045,1066.5,1,0.2975,0.17072
806,3689.6,3130.4,0.20693,1205.5,1,0.28619,0.16732
807,3690.6,3131,0.19683,641.34,1,0.2922,0.18678
808,3691.6,3131.6,0.21506,2112.8,1,0.27032,0.1513
809,3692.6,3132.2,0.22084,3018.7,1,0.26666,0.14127
810,3693.6,3132.8,0.2132,1875.7,1,0.28381,0.15507
811,3694.6,3133.3,0.20383,995.34,1,0.30514,0.1744
812,3695.6,3133.9,0.1926,475.7,1,0.32785,0.19893
813,3696.6,3134.5,0.20061,800.98,1,0.32412,0.18211
814,3697.6,3135.1,0.19957,747.92,1,0.32912,0.18477
815,3698.6,3135.7,0.1939,526.26,1,0.30914,0.19759
816,3699.6,3136.3,0.20317,948.7,1,0.2705,0.17811
817,3700.6,3136.8,0.17371,85.041,1,0.30947,0.28867
818,3701.6,3137.4,0.16276,12.952,1,0.44505,0.53767
819,3702.6,3138,0.21508,70.979,1,0.50255,0.3263
820,3703.6,3138.6,0.24636,192.12,1,0.49275,0.26012
821,3704.6,3139.2,0.25483,254.39,1,0.45126,0.2474
822,3705.6,3139.8,0.25971,299.23,1,0.42557,0.24191
823,3706.6,3140.3,0.25048,224.94,1,0.42742,0.26315
824,3707.6,3140.9,0.2675,383.46,1,0.39574,0.2357
825,3708.6,3141.5,0.26887,401.46,1,0.38287,0.23718
826,3709.6,3142.1,0.25646,272,1,0.39737,0.26848
827,3710.6,3142.7,0.25406,245.87,1,0.40529,0.28449
828,3711.6,3143.3,0.23695,144.49,1,0.31434,0.34868
829,3468,2829.2,0.1352,66.228,1,0.43747,0.24092
830,3469,2829.6,0.0703,45.057,0,0.56669,0.25112
831,3470,2829.9,0.1378,154.78,1,0.24601,0.21843
832,3471,2830.2,0.2373,966.06,1,0.12137,0.16991
833,3472,2830.5,0.2396,1134.3,1,0.12109,0.16566
834,3473,2830.8,0.2424,1071.5,1,0.11468,0.16717
835,3474,2831.2,0.2352,848.47,1,0.117,0.17335
836,3475,2831.5,0.2338,788.67,1,0.113,0.17529
837,3476,2831.8,0.2382,1080.6,1,0.10411,0.16695
838,3477,2832.1,0.2329,790.8,1,0.10956,0.17522
839,3478,2832.4,0.23,889.3,1,0.10462,0.17211
840,3479,2832.7,0.2356,1314.5,1,0.094596,0.16176
841,3480,2833.1,0.2396,1247.7,1,0.092296,0.16314
842,3481,2833.4,0.2401,1243.4,1,0.093802,0.16323
843,3482,2833.7,0.2379,868.12,1,0.09558,0.17275
844,3483,2833.9,0.2394,904.82,1,0.096696,0.17165
845,3484,2834.2,0.2381,1221.5,1,0.098091,0.1637
846,3485,2834.5,0.2285,994.8,1,0.10617,0.16914
847,3486,2834.8,0.2295,871.06,1,0.11015,0.17266
848,3487,2835.1,0.2387,906.56,1,0.1066,0.1716
849,3488,2835.4,0.2296,687.59,1,0.10947,0.17892
850,3489,2835.7,0.2202,797.81,1,0.11097,0.17498
851,3490,2836,0.2161,828.06,1,0.11179,0.174
852,3491,2836.3,0.2134,940.67,1,0.1096,0.17062
853,3492,2836.6,0.2113,766.75,1,0.11333,0.17604
854,3493,2836.9,0.1969,601.97,1,0.11642,0.18245
855,3494,2837.2,0.2165,680.8,1,0.1083,0.17919
856,3495,2837.5,0.2295,781.77,1,0.10621,0.17552
857,3496,2837.8,0.1832,321.52,1,0.132,0.19906
858,3497,2838.1,0.2303,621.49,1,0.10011,0.1816
859,3498,2838.4,0.2718,653.64,1,0.10408,0.18026
860,3499,2838.7,0.2768,531.86,1,0.1001,0.18573
861,3500,2839,0.2705,483.58,1,0.1011,0.18825
862,3501,2839.3,0.2714,447.44,1,0.094596,0.19031
863,3502,2839.5,0.2751,331.48,1,0.090896,0.19825
864,3503,2839.8,0.2867,215.44,1,0.092075,0.20967
865,3504,2840.1,0.2502,51.308,1,0.10731,0.24768
866,3505,2840.4,0.2271,13.377,1,0.12666,0.28433
867,3506,2840.7,0.1899,0.82013,1,0.19734,0.37055
868,3507,2841,0.1398,0.1479,1,0.3227,0.44411
869,3508,2841.3,0.1436,0.15356,1,0.31467,0.44292
870,3509,2841.6,0.176,0.73863,1,0.21989,0.37363
871,3510,2841.9,0.1844,1.9995,1,0.19603,0.33975
872,3511,2842.2,0.1805,1.2633,1,0.18893,0.35476
873,3512,2842.5,0.216,13.819,1,0.1527,0.28338
874,3513,2842.8,0.2412,58.81,1,0.13267,0.24406
875,3514,2843.1,0.251,101.93,1,0.12285,0.22949
876,3515,2843.4,0.2592,159.29,1,0.11243,0.21767
877,3516,2843.7,0.2643,195.36,1,0.11482,0.21226
878,3517,2844,0.2573,191.3,1,0.12829,0.21281
879,3518,2844.3,0.2462,122.88,1,0.13115,0.22454
880,3519,2844.6,0.2064,9.8573,1,0.14418,0.29279
881,3520,2844.9,0.186,1.9551,1,0.19467,0.3406
882,3521,2845.1,0.1821,1.527,1,0.21866,0.34858
883,3522,2845.4,0.2025,3.2944,1,0.10684,0.32477
884,3523,2845.6,0.2194,13.757,1,0.072702,0.28355
885,3524,2845.9,0.2519,92.821,1,0.068834,0.23197
886,3525,2846.1,0.2617,116.27,1,0.091633,0.22601
887,3526,2846.3,0.2723,247.99,1,0.11077,0.20594
888,3527,2846.6,0.2649,261.75,1,0.13831,0.20451
889,3528,2846.8,0.2565,175.45,1,0.28543,0.21511
890,3529,2847.1,0.2607,232.95,1,0.37773,0.2076
891,3530,2847.3,0.2613,287.99,1,0.43246,0.20198
892,3531,2847.6,0.2579,256.63,1,0.48266,0.20503
893,3532,2847.8,0.2632,314.85,1,0.50149,0.19962
894,3533,2848,0.261,437.31,1,0.5299,0.19091
895,3534,2848.3,0.2641,418.53,1,0.50967,0.19207
896,3535,2848.5,0.2599,411.59,1,0.48697,0.19252
897,3536,2848.8,0.258,424.78,1,0.48851,0.19168
898,3537,2849,0.2548,329.13,1,0.49949,0.19844
899,3538,2849.3,0.2542,241.42,1,0.4989,0.20665
900,3810,2870.6,0.0202,0.35428,0,1,0.38384
901,3811,2870.6,0.02,0.011207,0,1,0.54549
902,3812,2870.7,0.0594,0.0029612,0,0.89408,1
903,3813,2870.7,0.0706,0.030064,0,0.98873,0.54342
904,3814,2870.7,0.0203,0.011321,0,1,0.54555
905,3815,2870.7,0.02,0.0099303,0,1,0.55619
906,3816,2870.7,0.02,0.021361,0,1,0.49874
907,3817,2870.8,0.02,0.022399,0,1,0.49579
908,3818,2870.8,0.02,0.021966,0,1,0.49701
909,3819,2870.8,0.02,0.030155,0,1,0.47878
910,3820,2870.8,0.02,0.034047,0,1,0.47224
911,3821,2870.8,0.02,0.040117,0,1,0.46425
912,3822,2870.9,0.02,0.034932,0,1,0.47102
913,3823,2870.9,0.02,0.072591,0,1,0.43819
914,3824,2870.9,0.02,0.15631,0,1,0.41003
915,3825,2870.9,0.02,0.29517,0,1,0.38942
916,3826,2870.9,0.02,0.68032,0,1,0.36451
917,3827,2871,0.02,0.3441,0,1,0.38469
918,3828,2871,0.02,0.71013,0,1,0.36327
919,3829,2871,0.02,1.2699,0,1,0.34681
920,3830,2871,0.02,1.5034,0,1,0.34211
921,3831,2871.1,0.02,1.6176,0,1,0.34008
922,3832,2871.1,0.02,0.93949,0,1,0.35528
923,3833,2871.1,0.02,1.5458,0,1,0.34134
924,3834,2871.1,0.02,0.93548,0,1,0.35541
925,3835,2871.1,0.02,1.3461,0,1,0.34517
926,3836,2871.2,0.02,1.1751,0,1,0.34899
927,3837,2871.2,0.02,0.95105,0,1,0.35494
928,3838,2871.2,0.02,0.90654,0,1,0.35631
929,3839,2871.2,0.02,0.81764,0,1,0.35923
930,3840,2871.2,0.02,1.2232,0,1,0.34786
931,3841,2871.3,0.02,0.63133,0,1,0.36668
932,3842,2871.3,0.02,0.31034,0,1,0.38786
933,3843,2871.3,0.0249,0.47143,0,1,0.37604
934,3844,2871.4,0.0202,0.42305,0,1,0.37848
935,3845,2871.5,0.0226,0.53088,0,1,0.37213
936,3846,2871.5,0.0201,0.604,0,1,0.36797
937,3847,2871.6,0.0214,0.9471,0,1,0.3552
938,3848,2871.7,0.02,1.4956,0,1,0.34226
939,3849,2871.7,0.02,1.9552,0,0.9755,0.33485
940,3850,2871.8,0.02,3.1263,0,1,0.322
941,3851,2871.8,0.02,3.5265,0,1,0.31873
942,3852,2871.9,0.02,1.6812,0,1,0.33902
943,3853,2872,0.02,0.71682,0,1,0.36302
944,3854,2872,0.0375,0.77865,0,1,0.36247
945,3855,2872.1,0.035,0.61745,0,1,0.36924
946,3856,2872.2,0.0494,0.62352,0,1,0.3706
947,3857,2872.2,0.0427,0.60931,0,1,0.3706
948,3858,2872.3,0.0394,0.50697,0,1,0.37595
949,3859,2872.4,0.0835,0.64233,0,0.93872,0.37335
950,3860,2872.4,0.0901,0.37122,0,0.92712,0.39446
951,3861,2872.5,0.0876,0.16788,0,0.84881,0.42965
952,3862,2872.6,0.0646,0.11246,0,0.7274,0.44209
953,3863,2872.6,0.1022,0.1521,0,0.4228,0.4394
954,3864,2872.7,0.116,0.14173,0,0.37241,0.44765
955,3865,2872.8,0.1002,0.15552,0,0.31168,0.43748
956,3866,2872.8,0.1115,0.88636,1,0.23827,0.36471
957,3867,2872.9,0.1316,1.3124,1,0.2213,0.35266
958,3868,2873,0.1373,4.5025,1,0.33183,0.31477
959,3894.5,2875.3,0.0627,11.14,0,0.29631,0.28828
960,3895.5,2875.4,0.1424,112.1,1,0.16503,0.22697
961,3896.5,2875.5,0.1457,179.62,1,0.12144,0.21448
962,3897.5,2875.6,0.1667,171.99,1,0.1256,0.21563
963,3898.5,2875.7,0.1773,216.44,1,0.11178,0.20954
964,3899.5,2875.8,0.1715,291.88,1,0.10239,0.20162
965,3934.5,2880.3,0.1491,9.1992,1,0.1577,0.29461
966,3935.5,2880.4,0.0725,0.020536,0,0.857,0.5999
967,3936.5,2880.6,0.0876,0.026278,0,0.81386,0.5879
968,3937.5,2880.7,0.1128,0.16669,0,0.5249,0.43926
969,3938.5,2880.9,0.1675,1.0196,1,0.30913,0.36422
970,3939.5,2881,0.1761,1.4376,1,0.30392,0.35236
971,3940.5,2881.2,0.1656,0.7006,1,0.38376,0.37854
972,3941.5,2881.3,0.1263,0.17584,1,0.56556,0.43996
973,3942.5,2881.5,0.0961,0.028794,0,0.79817,0.58711
974,3943.5,2881.6,0.0753,0.011222,0,0.92599,0.71325
975,3944.5,2881.8,0.0622,0.001302,0,1,1
976,3945.5,2881.9,0.0319,0.0014051,0,1,1
977,3946.5,2882.1,0.0336,0.0061183,0,1,0.68441
978,3947.5,2882.2,0.0291,0.0028435,0,1,0.82902
979,3948.5,2882.4,0.0479,0.011006,0,1,0.64039
980,3949.5,2882.5,0.0334,0.03219,0,1,0.49643
981,3952.5,2883,0.2202,938.22,1,0.11032,0.17069
982,3953.5,2883.2,0.2304,1131,1,0.1039,0.16574
983,3954.5,2883.3,0.2256,936.84,1,0.1025,0.17073
984,3955.5,2883.5,0.2286,1109.7,1,0.10158,0.16624
985,3956.5,2883.6,0.2234,1276,1,0.1053,0.16254
986,3957.5,2883.8,0.2241,1188.1,1,0.1061,0.16443
987,3958.5,2883.9,0.2217,978.58,1,0.10949,0.16957
988,3959.5,2884.1,0.2184,678.77,1,0.1099,0.17926
989,3960.5,2884.2,0.2236,677.39,1,0.1063,0.17932
990,3961.5,2884.4,0.2262,674.42,1,0.10752,0.17944
991,3962.5,2884.5,0.2202,888.4,1,0.11129,0.17213
992,3963.5,2884.7,0.2327,1420.2,1,0.108,0.15971
993,3964.5,2884.8,0.2274,962.75,1,0.11029,0.17001
994,3965.5,2885,0.2263,1023.3,1,0.111,0.16839
995,3966.5,2885.2,0.2323,1182.3,1,0.11009,0.16456
996,3967.5,2885.4,0.2307,964.3,1,0.1096,0.16996
997,3968.5,2885.6,0.2284,1022,1,0.1097,0.16842
998,3969.5,2885.8,0.2265,1212.8,1,0.1118,0.16389
999,3970.5,2886,0.2252,1036.4,1,0.1148,0.16805
1000,3971.5,2886.2,0.2238,824.07,1,0.11719,0.17413
1001,3972.5,2886.4,0.2184,676.82,1,0.12149,0.17934
1002,3973.5,2886.5,0.2139,739.04,1,0.1189,0.17701
1003,3974.5,2886.7,0.2146,618.33,1,0.1172,0.18174
1004,3975.5,2886.9,0.2228,739.73,1,0.11489,0.17699
1005,3976.5,2887.1,0.2272,634.97,1,0.11319,0.18103
1006,3977.5,2887.3,0.2129,583.5,1,0.11627,0.18327
1007,3978.5,2887.5,0.1743,269.47,1,0.13423,0.20374
1008,3979.5,2887.7,0.1455,182.27,1,0.15207,0.2141
1009,3980.5,2887.9,0.1335,119.1,1,0.16162,0.22537
1010,3981.5,2888.1,0.1341,139.35,1,0.16313,0.22121
1011,3982.5,2888.3,0.158,261.55,1,0.14729,0.20453
1012,3983.5,2888.5,0.1545,233.73,1,0.15048,0.20751
1013,3984.5,2888.7,0.1565,196,1,0.15346,0.21217
1014,3985.5,2888.9,0.1516,132.16,1,0.15254,0.22261
1015,3986.5,2889,0.159,176.9,1,0.14343,0.21489
1016,3987.5,2889.2,0.1761,217.78,1,0.13224,0.20938
1017,3988.5,2889.4,0.177,253.95,1,0.13517,0.20531
1018,3989.5,2889.6,0.1584,205.1,1,0.14858,0.21097
1019,3990.5,2889.8,0.1746,346.99,1,0.14278,0.19704
1020,3991.5,2890,0.2135,424.2,1,0.11965,0.19172
1021,3992.5,2890.2,0.232,61.867,1,0.11328,0.24272
1022,3993.5,2890.4,0.2341,70.931,1,0.11578,0.2391
1023,3994.5,2890.6,0.2161,268.22,1,0.12798,0.20386
1024,3995.5,2890.8,0.2402,887.62,1,0.10662,0.17216
1025,3996.5,2891,0.26,1102.1,1,0.1047,0.16642
1026,3997.5,2891.2,0.2564,1111.2,1,0.1127,0.16621
1027,3998.5,2891.3,0.2596,933.79,1,0.1202,0.17081
1028,3999.5,2891.5,0.2619,573.41,1,0.133,0.18373
1029,4000.5,2891.7,0.244,197.29,1,0.16263,0.212
1030,4001.5,2891.9,0.2232,62.208,1,0.17096,0.24258
1031,4002.5,2892.1,0.2587,259.85,1,0.10062,0.2047
1032,4003.5,2892.3,0.2569,231.51,1,0.08684,0.20776
1033,4004.5,2892.5,0.2404,105.94,1,0.11926,0.22847
1034,4005.5,2892.7,0.174,116.72,1,0.25393,0.2259
1035,4006.5,2893,0.1491,151.24,1,0.17682,0.21904
1036,4007.5,2893.2,0.0551,36.889,0,0.37432,0.25642
1037,4008.5,2893.4,0.1448,124.2,1,0.1857,0.22426
1038,4009.5,2893.7,0.1139,80.275,1,0.21775,0.23582
1039,4010.5,2893.9,0.1356,146.51,1,0.1753,0.21988
1040,4011.5,2894.1,0.1473,204.38,1,0.1601,0.21106
1041,4012.5,2894.4,0.1462,149.49,1,0.15205,0.21935
1042,4013.5,2894.6,0.1726,224.75,1,0.14567,0.20855
1043,4014.5,2894.8,0.1353,109.43,1,0.17986,0.22761
1044,4015.5,2895.1,0.1437,121.93,1,0.17359,0.22475
1045,4016.5,2895.3,0.1545,189.63,1,0.1651,0.21305
1046,4017.5,2895.5,0.1479,182.63,1,0.17313,0.21404
1047,4018.5,2895.8,0.1633,224.54,1,0.16112,0.20857
1048,4019.5,2896,0.2072,423.46,1,0.12764,0.19176
1049,4020.5,2896.2,0.1965,153.34,1,0.1358,0.21868
1050,4021.5,2896.5,0.2198,289.91,1,0.12819,0.2018
1051,4022.5,2896.7,0.2279,547.66,1,0.1181,0.18495
1052,4023.5,2897,0.2485,598.7,1,0.1115,0.18259
1053,4024.5,2897.2,0.2547,506.46,1,0.1142,0.18702
1054,4025.5,2897.4,0.2437,309.79,1,0.11997,0.20004
1055,4026.5,2897.7,0.2217,111.05,1,0.11445,0.22722
1056,4027.5,2897.9,0.1937,11.693,1,0.12299,0.28855
1057,4028.5,2898.1,0.1021,1.5751,0,0.4709,0.34626
1058,4029.5,2898.4,0.1772,5.5835,1,0.46185,0.3098
1059,4030.5,2898.6,0.2269,27.739,1,0.14427,0.26462
1060,4031.5,2898.8,0.2516,64.675,1,0.065353,0.24156
1061,4032.5,2899.1,0.2515,123.5,1,0.095225,0.22441
1062,4033.5,2899.3,0.2528,189.29,1,0.094198,0.21309
1063,4034.5,2899.5,0.2644,344.78,1,0.1079,0.19721
1064,4035.5,2899.8,0.268,308.57,1,0.127,0.20015
1065,4036.5,2900,0.2677,382.18,1,0.1306,0.19448
1066,4037.5,2900.2,0.2739,463.14,1,0.1276,0.18939
1067,4038.5,2900.5,0.2729,460.63,1,0.1278,0.18954
1068,4039.5,2900.7,0.2733,587.99,1,0.1247,0.18307
1069,4040.5,2900.9,0.2759,489.56,1,0.12248,0.18792
1070,4041.5,2901.2,0.2541,162.98,1,0.13158,0.21706
1071,4042.5,2901.4,0.1855,3.3743,1,0.20609,0.32553
1072,4043.5,2901.7,0.0754,0.13828,0,0.70051,0.44211
1073,4044.5,2901.9,0.2032,4.1033,1,0.25581,0.31981
1074,4045.5,2902.1,0.2299,21.28,1,0.18602,0.27204
1075,4046.5,2902.4,0.2332,33.181,1,0.20258,0.25975
1076,4047.5,2902.6,0.2325,37.144,1,0.20906,0.25665
1077,4048.5,2902.9,0.2371,41.099,1,0.18634,0.2539
1078,4049.5,2903.1,0.2154,37.708,1,0.18073,0.25617
1079,4050.5,2903.4,0.2049,33.686,1,0.15775,0.25921
1080,4051.5,2903.6,0.1899,9.3996,1,0.1218,0.29485
1081,4052.5,2903.9,0.2128,11.794,1,0.11661,0.28862
1082,4053.5,2904.1,0.2326,58.196,1,0.10677,0.2444
1083,4054.5,2904.4,0.2231,88.377,1,0.11009,0.23327
1084,4055.5,2904.6,0.2305,74.385,1,0.12206,0.23784
1085,4056.5,2904.9,0.2304,34.105,1,0.091924,0.259
1086,4057.5,2905.1,0.2092,15.449,1,0.10523,0.28093
1087,4058.5,2905.4,0.141,3.1883,1,0.38328,0.32608
1088,4059.5,2905.6,0.1618,5.4328,1,0.32799,0.3105
1089,4060.5,2905.9,0.1226,0.4909,1,0.4072,0.39181
1090,4061.5,2906.1,0.0508,0.0025946,0,0.99079,1
1091,4062.5,2906.4,0.0521,0.015788,0,0.78949,0.62094
1092,4063.5,2906.6,0.1663,30.203,1,0.23805,0.26204
1093,4064.5,2906.9,0.1983,170.67,1,0.18801,0.21584
1094,4065.5,2907.1,0.2159,109.86,1,0.15528,0.22751
1095,4066.5,2907.4,0.2483,108.41,1,0.13679,0.22786
1096,4067.5,2907.6,0.2353,108.75,1,0.14086,0.22778
1097,4068.5,2907.9,0.2584,232,1,0.12219,0.20771
1098,4069.5,2908.1,0.2662,459.87,1,0.11685,0.18958
1099,4070.5,2908.4,0.2617,326.26,1,0.11828,0.19867
1100,4071.5,2908.6,0.26,312.89,1,0.11999,0.19978
1101,4072.5,2908.9,0.2607,309.66,1,0.12099,0.20006
1102,4073.5,2909.1,0.2599,259.31,1,0.1245,0.20476
1103,4074.5,2909.4,0.2594,303.74,1,0.1292,0.20057
1104,4075.5,2909.6,0.2524,263.36,1,0.13348,0.20435
1105,4076.5,2909.9,0.224,25.274,1,0.19372,0.2673
1106,4077.5,2910.1,0.0967,0.022973,0,0.76241,0.65599
1107,4078.5,2910.4,0.1115,0.034718,1,0.68336,0.60691
1108,4079.5,2910.6,0.1457,0.12946,1,0.52006,0.47968
1109,4080.5,2910.8,0.1252,0.072991,1,0.56903,0.52368
1110,4081.5,2911.1,0.1012,0.041876,1,0.616,0.5685
1111,4082.5,2911.3,0.0893,0.063924,0,0.64053,0.51
1112,4083.5,2911.6,0.1287,0.17607,1,0.44596,0.45017
1113,4084.5,2911.8,0.1069,0.049806,1,0.49852,0.55396
1114,4085.5,2912.1,0.1054,0.089606,1,0.52909,0.49197
1115,4086.5,2912.3,0.0873,0.16072,0,0.6668,0.44107
1116,4087.5,2912.6,0.1142,0.375,1,0.51223,0.4038
1117,4088.5,2912.8,0.1165,1.6637,0,0.44672,0.34612
1118,4089.5,2913,0.2136,227.04,1,0.19873,0.20828
1119,4090.5,2913.2,0.2414,870.85,1,0.1636,0.17266
1120,4091.5,2913.5,0.2353,597.85,1,0.16259,0.18263
1121,4092.5,2913.7,0.217,106.06,1,0.19978,0.22844
1122,4093.5,2913.9,0.1267,0.1717,1,0.51395,0.45194
1123,4094.5,2914.2,0.1994,5.5108,1,0.28221,0.31113
1124,4095.5,2914.4,0.1923,4.2109,1,0.24103,0.31926
1125,4096.5,2914.6,0.1417,0.75792,1,0.28198,0.37696
1126,4097.5,2914.9,0.1376,0.22506,1,0.30201,0.4379
1127,4098.5,2915.1,0.1054,0.050455,1,0.55686,0.55372
1128,4099.5,2915.3,0.0818,0.022141,0,0.8772,0.64337
1129,4100.5,2915.6,0.115,0.039907,1,0.67027,0.59643
1130,4101.5,2915.8,0.1186,0.039393,1,0.67023,0.60228
1131,4102.5,2916,0.1375,0.12053,1,0.61792,0.48531
1132,4103.5,2916.3,0.0933,0.011446,0,0.81315,0.82992
1133,4104.5,2916.5,0.0613,0.0013741,0,0.95979,1
1134,4105.5,2916.7,0.0268,0.001,0,1,1
1135,4106.5,2917,0.0338,0.0012821,0,1,1
1136,4107.5,2917.2,0.0439,0.0074389,0,0.74454,0.75158
1137,4374.5,2971,0.1156,0.061723,1,0.36362,0.60173
1138,4375.5,2971.3,0.028,0.0012311,0,1,1
1139,4376.5,2971.6,0.0741,0.0042394,0,1,1
1140,4377.5,2971.9,0.0917,0.0078936,0,1,1
1141,4378.5,2972.2,0.077,0.0073247,0,1,1
1142,4379.5,2972.5,0.0278,0.0049954,0,1,0.88525
1143,4380.5,2972.8,0.024,0.0043789,0,1,0.8827
1144,4381.5,2973.1,0.0352,0.0031737,0,1,1
1145,4382.5,2973.4,0.0566,0.0043488,0,1,1
1146,4383.5,2973.7,0.0791,0.011467,0,1,0.96906
1147,4384.5,2973.9,0.0865,0.029723,0,1,0.69977
1148,4385.5,2974.2,0.0899,0.028983,0,1,0.71306
1149,4386.5,2974.5,0.0911,0.015729,0,1,0.90192
1150,4387.5,2974.8,0.075,0.011933,0,1,0.93786
1151,4388.5,2975.1,0.0809,0.0081026,0,1,1
1152,4389.5,2975.4,0.0736,0.008679,0,1,1
1153,4390.5,2975.7,0.0863,0.019014,0,1,0.82489
1154,4391.5,2976,0.0705,0.030767,0,1,0.65569
1155,4392.5,2976.3,0.0598,0.057488,0,1,0.54088
1156,4393.5,2976.6,0.0731,0.10503,0,1,0.49496
1157,4394.5,2976.9,0.0678,0.14933,0,1,0.46174
1158,4395.5,2977.2,0.0919,0.34849,0,1,0.41899
1159,4396.5,2977.5,0.0951,0.62863,0,1,0.38932
1160,4397.5,2977.8,0.0597,0.85225,0,1,0.36924
1161,4398.5,2978.1,0.0244,0.50264,0,1,0.37948
1162,4399.5,2978.3,0.038,0.38778,0,1,0.39393
1163,4484,3011,0.02,1.2006,0,1,0.35246
1164,4485,3011.4,0.02,2.1457,0,1,0.33487
1165,4486,3011.8,0.0586,22.343,0,0.43049,0.2704
1166,4487,3012.3,0.1668,399.5,1,0.16732,0.19331
1167,4488,3012.7,0.1969,440.88,1,0.14362,0.1907
1168,4489,3013.2,0.2034,209,1,0.16245,0.21047
1169,4490,3013.7,0.2058,153.38,1,0.1698,0.21879
1170,4491,3014.2,0.2094,112.47,1,0.17585,0.22729
1171,4492,3014.7,0.2011,150.7,1,0.18789,0.21927
1172,4493,3015.2,0.1974,310.55,1,0.18348,0.19998
1173,4494,3015.7,0.1913,190.1,1,0.19788,0.21298
1174,4495,3016.2,0.1872,99.408,1,0.21589,0.2306
1175,4496,3016.7,0.1904,71.646,1,0.2151,0.23967
1176,4497,3017.3,0.1949,131.84,1,0.21657,0.22291
1177,4498,3017.8,0.1989,222.61,1,0.2212,0.2088
1178,4499,3018.3,0.1863,126.15,1,0.22367,0.22409
1179,4500,3018.8,0.1809,249.5,1,0.18813,0.20578
1180,4501,3019.3,0.1657,146.22,1,0.21634,0.21998
1181,4502,3019.8,0.1977,209.58,1,0.19786,0.2104
1182,4503,3020.3,0.2113,199.36,1,0.19189,0.21174
1183,4504,3020.8,0.2049,207.08,1,0.2034,0.21072
1184,4505,3021.3,0.2033,143.02,1,0.20961,0.22077
1185,4506,3021.8,0.2029,102.55,1,0.21,0.22992
1186,4507,3022.3,0.2069,98.349,1,0.21458,0.23111
1187,4508,3022.8,0.2068,117.61,1,0.2029,0.22617
1188,4509,3023.3,0.2137,389.55,1,0.18629,0.19398
1189,4510,3023.9,0.1735,174.36,1,0.21156,0.21528
1190,4511,3024.4,0.1978,143.5,1,0.23908,0.2207
1191,4512,3024.9,0.1898,84.273,1,0.31712,0.23532
1192,4513,3025.4,0.0829,76.462,0,0.25521,0.2372
1193,4514,3025.9,0.0855,48.349,0,0.17454,0.24977
1194,4515,3026.4,0.1659,58.847,1,0.091983,0.24519
1195,4516,3026.9,0.1004,36.039,0,0.20789,0.25815
1196,4517,3027.4,0.0457,34.59,0,0.43908,0.25838
1197,4518,3027.9,0.0383,26.972,0,0.57479,0.26504
1198,4519,3028.4,0.0433,45.703,0,0.47978,0.25077
1199,4520,3028.9,0.0866,124.96,0,0.26623,0.2241
1200,4521,3029.4,0.0962,81.194,0,0.23528,0.23572
1201,4522,3030,0.1125,24.688,1,0.25025,0.26921
1202,4523,3030.5,0.1549,23.269,1,0.21765,0.27186
1203,4524,3031,0.1949,88.564,1,0.17005,0.23412
1204,4525,3031.5,0.2338,566.47,1,0.15003,0.18406
1205,4526,3032,0.2395,683.73,1,0.1453,0.17907
1206,4527,3032.5,0.2432,555.47,1,0.15024,0.18458
1207,4528,3033,0.2384,347.55,1,0.16722,0.197
1208,4529,3033.5,0.2498,298.33,1,0.15878,0.20104
1209,4530,3034.1,0.2429,254.78,1,0.16742,0.20533
1210,4531,3034.7,0.2452,162.91,1,0.1758,0.21759
1211,4532,3035.3,0.2498,84.293,1,0.1505,0.23604
1212,4533,3035.8,0.2136,4.9383,1,0.15583,0.32822
1213,4534,3036.4,0.0921,0.18137,0,0.56807,0.53012
1214,4535,3037,0.1065,0.95774,0,0.53805,0.39314
1215,4536,3037.6,0.1941,7.896,1,0.21989,0.3091
1216,4537,3038.1,0.2194,39.34,1,0.1721,0.25786
1217,4538,3038.7,0.2513,303.75,1,0.15399,0.20063
1218,4539,3039.3,0.2485,341.38,1,0.16705,0.19747
1219,4540,3039.8,0.251,369.33,1,0.16918,0.19539
1220,4541,3040.4,0.2532,425.83,1,0.16819,0.19162
1221,4542,3041,0.2517,325.7,1,0.168,0.19876
1222,4543,3041.6,0.2573,161.68,1,0.16139,0.218
1223,4544,3042.1,0.251,58.186,1,0.1498,0.24699
1224,4545,3042.7,0.1545,1.951,1,0.23313,0.36799
1225,4546,3043.3,0.1057,0.75866,1,0.66933,0.41216
1226,4547,3043.9,0.1103,1.5109,1,0.61677,0.37272
1227,4548,3044.4,0.0664,0.63748,0,0.78604,0.40568
1228,4549,3045,0.0796,0.3636,0,0.70896,0.45564
1229,4550,3045.6,0.0386,0.0057932,0,0.99282,1
1230,4551,3046.2,0.0321,0.0040774,0,1,1
1231,4552,3046.7,0.0248,0.00693,0,1,1
1232,4553,3047.3,0.02,0.04444,0,1,0.56682
1233,4554,3047.9,0.0855,8.2115,0,0.39088,0.30274
1234,4555,3048.4,0.1942,105.15,1,0.18799,0.22978
1235,4556,3049,0.2125,279.43,1,0.1814,0.20292
1236,4557,3049.6,0.2153,300.03,1,0.18238,0.201
1237,4558,3050.2,0.2134,272.83,1,0.18626,0.20359
1238,4559,3050.7,0.2121,197.56,1,0.18799,0.21243
1239,4560,3051.3,0.2136,186.24,1,0.18824,0.2141
1240,4561,3051.9,0.226,256.91,1,0.18336,0.20531
1241,4562,3052.5,0.2374,280.7,1,0.18459,0.20295
1242,4563,3053,0.2389,148.86,1,0.2155,0.22051
1243,4564,3053.6,0.2458,254.81,1,0.23098,0.20565
1244,4565,3054.2,0.2448,255.32,1,0.22699,0.20561
1245,4566,3054.8,0.2427,129.72,1,0.19686,0.22446
1246,4567,3055.3,0.2089,3.3075,1,0.26774,0.35533
1247,4568,3055.9,0.1519,0.67167,1,0.52342,0.45938
1248,4569,3056.5,0.1943,0.67364,1,0.51,0.48203
1249,4570,3057.1,0.1011,0.00875,0,0.9191,1
1250,4571,3057.7,0.0812,0.0031943,0,0.96831,1
1251,4572,3058.4,0.0527,0.0041888,0,1,1
1252,4573,3059,0.0477,0.25633,0,0.93613,0.47195
1253,4574,3059.6,0.1707,294.86,1,0.22881,0.20145
1254,4575,3060.2,0.211,1715.4,1,0.12943,0.1547
1255,4576,3060.9,0.2172,2082.7,1,0.11961,0.14956
1256,4577,3061.5,0.2148,2005.9,1,0.12926,0.15056
1257,4578,3062.1,0.2091,1833.1,1,0.28723,0.15294
1258,4579,3062.8,0.2186,2345.1,1,0.43252,0.14642
1259,4580,3063.4,0.2142,1923.6,1,0.50137,0.15167
1260,4581,3064,0.2163,2226.6,1,0.50072,0.14779
1261,4582,3064.6,0.2139,2058.4,1,0.49925,0.14987
1262,4583,3065.3,0.2137,2013.7,1,0.48211,0.15046
1263,4584,3065.9,0.2113,2015.7,1,0.48122,0.15043
1264,4585,3066.5,0.1934,1568.5,1,0.43279,0.15708
1265,4586,3067.2,0.2128,2061,1,0.31704,0.14984
1266,4587,3067.8,0.0729,173.44,0,0.66697,0.21541
1267,4588,3068.4,0.0966,277.19,0,0.40893,0.20299
1268,4589,3069,0.1257,433,1,0.45229,0.19117
1269,4590,3069.7,0.1325,458.41,1,0.46655,0.18966
1270,4591,3070.3,0.1329,510.51,1,0.44687,0.18681
1271,4592,3070.9,0.1343,462.42,1,0.42117,0.18943
1272,4593,3071.6,0.1418,522.24,1,0.37801,0.18621
1273,4594,3072.2,0.1263,499.64,1,0.38257,0.18738
1274,4595,3072.8,0.1081,358.41,1,0.41564,0.19618
1275,4596,3073.5,0.1221,363.52,1,0.40052,0.19581
1276,4597,3074.1,0.1393,645.81,1,0.42685,0.18058
1277,4598,3074.7,0.1529,777,1,0.46014,0.17568
1278,4599,3075.3,0.1804,1135.9,1,0.48502,0.16562
1279,4600,3076,0.1906,606.41,1,0.4477,0.18225
1280,4601,3076.6,0.1885,221.6,1,0.34848,0.20986
1281,4602,3077.2,0.1835,189.74,1,0.31456,0.21418
1282,4603,3077.9,0.2047,283.11,1,0.3492,0.2032
1283,4604,3078.5,0.2019,219.68,1,0.37308,0.21028
1284,4605,3079.1,0.1894,113.15,1,0.31549,0.2291
1285,4606,3079.7,0.1852,138.63,1,0.18994,0.22323
1286,4607,3080.4,0.1748,300.99,1,0.17729,0.2014
1287,4608,3081,0.1801,429.79,1,0.18933,0.19164
1288,4609,3081.6,0.1862,448.29,1,0.18998,0.19053
1289,4610,3082.3,0.171,124.84,1,0.24654,0.22623
1290,4611,3083,0.1512,26.184,1,0.41182,0.27401
1291,4612,3083.7,0.17,54.506,1,0.3754,0.2511
1292,4613,3084.3,0.1914,67.003,1,0.31851,0.24534
1293,4614,3085,0.1829,69.091,1,0.35278,0.24425
1294,4615,3085.7,0.2009,56.392,1,0.38553,0.2512
1295,4616,3086.4,0.1022,14.673,1,0.48999,0.29166
1296,4617,3087.1,0.1136,20.76,1,0.38557,0.2806
1297,4618,3087.8,0.1687,32.688,1,0.29349,0.26845
1298,4619,3088.4,0.1719,54.138,1,0.2699,0.25208
1299,4620,3089.1,0.2061,110.35,1,0.24439,0.23105
1300,4621,3089.8,0.1227,22.37,1,0.32102,0.2794
1301,4622,3090.5,0.1306,9.1718,1,0.28396,0.31558
1302,4623,3091.2,0.0545,3.6689,0,0.48858,0.34022
1303,4624,3091.9,0.0405,4.685,0,0.64332,0.3256
1304,4625,3092.5,0.1011,14.711,1,0.38788,0.29352
1305,4626,3093.2,0.169,34.323,1,0.31801,0.26828
1306,4627,3093.9,0.147,21.674,1,0.36588,0.28386
1307,4628,3094.6,0.1632,28.557,1,0.39444,0.27496
1308,4629,3095.3,0.1937,33.879,1,0.39912,0.27073
1309,4630,3096,0.2129,28.042,1,0.39109,0.27938
1310,4631,3096.6,0.2171,35.937,1,0.35991,0.27048
1311,4632,3097.3,0.2189,40.06,1,0.34149,0.26669
1312,4633,3098,0.2164,49.038,1,0.32772,0.2596
1313,4634,3098.7,0.2208,56.217,1,0.31652,0.25511
1314,4635,3099.4,0.2189,84.713,1,0.30676,0.24143
1315,4636,3100.1,0.2157,86.959,1,0.30661,0.24065
1316,4637,3100.7,0.207,44.093,1,0.32742,0.26395
1317,4638,3101.4,0.2115,19.454,1,0.45418,0.29871
1318,4639,3102.1,0.1344,1.0452,1,0.59203,0.53893
1319,4640,3102.8,0.1144,5.6253,0,0.49481,0.34999
1320,4641,3103.5,0.0819,5.5869,0,0.67351,0.34034
1321,4642,3104.2,0.1911,2.8445,1,0.48375,0.44627
1322,4643,3104.9,0.2385,3.89,1,0.42315,0.43368
1323,4644,3105.5,0.222,4.3897,1,0.50246,0.4149
1324,4645,3106.2,0.1962,10.385,1,0.56563,0.33758
1325,4646,3106.9,0.1842,30.874,1,0.48913,0.28006
1326,4647,3107.6,0.1872,32.352,1,0.409,0.27887
1327,4648,3108.3,0.2029,743.5,1,0.36841,0.17778
1328,4649,3109,0.2108,1698.3,1,0.38132,0.15509
1329,4650,3109.6,0.2123,1612.6,1,0.45339,0.15653
1330,4651,3110.4,0.2158,1879.7,1,0.4678,0.15239
1331,4652,3111.1,0.2067,1727.7,1,0.45635,0.15468
1332,4653,3111.9,0.203,1129,1,0.43785,0.16641
1333,4654,3112.6,0.1934,1436.3,1,0.47279,0.15976
1334,4655,3113.3,0.1883,1543.3,1,0.49123,0.15779
1335,4656,3114.1,0.1827,1391.4,1,0.50369,0.16065
1336,4657,3114.8,0.1842,1287.9,1,0.49211,0.16283
1337,4658,3115.6,0.1796,1022.5,1,0.49384,0.16925
1338,4659,3116.3,0.1958,1482.2,1,0.46979,0.15912
1339,4660,3117,0.2013,1244.7,1,0.27597,0.16405
1340,4661,3117.8,0.079,128.27,0,0.25455,0.22761
1341,4662,3118.5,0.0527,121.1,0,0.61764,0.22802
1342,4663,3119.3,0.1093,304.42,1,0.50409,0.20323
1343,4664,3120,0.1509,439.41,1,0.2907,0.19355
1344,4665,3120.7,0.2055,1623.9,1,0.42272,0.157
1345,4666,3121.5,0.2061,1716.2,1,0.4773,0.15552
1346,4667,3122.2,0.205,1937.9,1,0.45534,0.15221
1347,4668,3123,0.2007,1935,1,0.43194,0.15229
1348,4669,3123.7,0.1992,1426.2,1,0.41999,0.16091
1349,4670,3124.5,0.2013,1868,1,0.42235,0.15345
1350,4671,3125.2,0.193,1360.6,1,0.43391,0.16241
1351,4672,3125.9,0.1947,1315.8,1,0.4327,0.16351
1352,4673,3126.7,0.1915,1282,1,0.42115,0.16433
1353,4674,3127.4,0.199,1003.1,1,0.35628,0.17175
1354,4675,3128.2,0.1915,1045.2,1,0.35929,0.17061
1355,4676,3128.9,0.1767,856.61,1,0.40439,0.17647
1356,4677,3129.6,0.188,875.06,1,0.37442,0.17631
1357,4678,3130.4,0.1432,438.48,1,0.44442,0.19678
1358,4679,3131.1,0.1446,329.61,1,0.46952,0.20671
1359,4680,3131.9,0.1754,428.44,1,0.45395,0.19989
1360,4681,3132.6,0.1756,425.42,1,0.44128,0.20081
1361,4682,3133.3,0.0574,2.0582,0,0.69832,0.62948
1362,4683,3134.1,0.095,0.20413,1,0.5881,1
1363,4684,3134.8,0.0567,0.74035,0,0.65399,1
1364,4685,3135.6,0.0411,1.1651,0,0.86821,0.78942
1365,4686,3136.3,0.0839,4.9971,0,0.73809,0.58015
1366,4687,3137,0.1324,25.774,1,0.36798,0.38296
1367,4688,3137.8,0.1275,12.312,1,0.27734,0.50922
1368,4689,3138.5,0.0372,1.263,0,0.6966,0.88789
1369,4690,3139.3,0.0384,2.7134,0,0.57775,0.6592
1370,4691,3140,0.0318,1.5779,0,0.80884,0.83432
1371,4692,3140.8,0.1662,6.5587,1,0.70284,1
1372,4693,3141.6,0.2231,35.921,1,0.63075,0.52608
1373,4694,3142.4,0.2277,13.403,1,0.64306,0.97693
1374,4695,3143.1,0.2259,10.54,1,0.63998,1
1375,4696,3143.9,0.2191,68.128,1,0.60699,0.49668
1376,4697,3144.7,0.2027,59.484,1,0.60132,0.5697
1377,4698,3145.5,0.1812,44.268,1,0.67669,0.71581
1378,4699,3146.3,0.1622,64.653,1,0.78292,0.64906
1379,4700,3147.1,0.0932,0.32934,1,0.86729,1
1380,4701,3147.8,0.0911,0.044157,0,0.88981,1
1381,4702,3148.6,0.1977,284.18,1,0.8276,0.66198
1382,4703,3149.4,0.1892,164.95,1,0.76822,1
1383,4704,3150.2,0.1822,50.246,1,0.77586,1
1384,4705,3151,0.1732,45.766,1,0.72957,1
1385,4706,3151.7,0.1906,74.151,1,0.73156,1
1386,4707,3152.5,0.1874,195.72,1,0.64766,1
1387,4708,3153.3,0.1528,88.023,1,0.75413,1
1388,4709,3154.1,0.1671,85.474,1,0.78795,1
1389,4710,3154.9,0.1709,31.996,1,0.9568,1
1390,4711,3155.6,0.1784,0.063779,0,0.9023,1
1391,4712,3156.4,0.1568,1.7079,1,0.97092,1
1392,4713,3157.2,0.2215,18.628,1,0.8679,1
1393,4714,3158,0.1834,108.58,1,0.73696,1
1394,4715,3158.8,0.0778,0.34975,1,0.77016,1
1395,4716,3159.5,0.167,19.963,1,0.87304,1
1396,4717,3160.3,0.2305,1084.7,1,0.90633,1
1397,4718,3161.1,0.2055,407.64,1,0.91613,1
1398,4719,3161.9,0.1954,189.52,1,0.91113,1
1399,4720,3162.7,0.1891,140.23,1,0.90263,1
1400,4721,3163.4,0.187,212.55,1,0.94027,1
1401,4722,3164.2,0.1786,184.71,1,0.97304,1
1402,4723,3165,0.1793,107.94,1,0.94253,1
1403,4724,3165.8,0.182,85.468,1,0.93756,1
1404,4725,3166.6,0.1654,91.555,1,0.89908,1
1405,4726,3167.3,0.1563,1.9856,1,0.71412,1
1406,4727,3168.1,0.2107,0.53679,1,0.69929,1
1407,4728,3168.9,0.2333,10.314,1,0.87654,1
1408,4729,3169.7,0.2249,17.949,1,0.92542,1
1409,4730,3170.5,0.187,29.235,1,0.83349,1
1410,4731,3171.3,0.0544,5.1111,0,0.75266,1
