fwl_f4_m	rmse_ajuste	rmse_F-4	rmse_19-A	rmse_control_inicial	sesgo_control_inicial	rmse_control_barrido	sesgo_control_barrido
2990	0.2805	0.4848	0.0548	0.0749	0.0130	0.1305	-0.0331
3000	0.2264	0.3833	0.0548	0.0749	0.0130	0.1305	-0.0331
3010	0.1774	0.2889	0.0548	0.0749	0.0130	0.1305	-0.0331
3016	0.1531	0.2400	0.0548	0.0749	0.0130	0.1305	-0.0331
3020	0.1240	0.1780	0.0548	0.0749	0.0130	0.1305	-0.0331
3025	0.1088	0.1427	0.0548	0.0749	0.0130	0.1305	-0.0331
3030	0.0940	0.1033	0.0548	0.0749	0.0130	0.1305	-0.0331
3033	0.0896	0.0902	0.0548	0.0749	0.0130	0.1305	-0.0331
3036	0.0923	0.0985	0.0548	0.0749	0.0130	0.1305	-0.0331
3040	0.0954	0.1074	0.0548	0.0749	0.0130	0.1305	-0.0331
3050	0.1008	0.1222	0.0548	0.0749	0.0130	0.1305	-0.0331
3070	0.1068	0.1377	0.0548	0.0749	0.0130	0.1305	-0.0331
3100	0.1119	0.1501	0.0548	0.0749	0.0130	0.1305	-0.0331
