inclinacion_m_km	fwl_19a_m	rmse_ajuste	rmse_F-4	rmse_19-A	rmse_control	sesgo_control
-120	3159	0.0985	0.1137	0.0548	0.1427	-0.0073
-90	3127	0.0969	0.1079	0.0611	0.1929	+0.0493
-60	3102	0.1050	0.1265	0.0700	0.2439	+0.1081
-45	3115	0.1073	0.1355	0.0730	0.2094	+0.0648
-30	3114	0.1119	0.1475	0.0544	0.2157	+0.0789
-15	3155	0.1124	0.1470	0.0595	0.1451	+0.0065
0	3151	0.1136	0.1494	0.0583	0.1421	+0.0030
15	3137	0.1142	0.1506	0.0551	0.1545	+0.0103
30	3121	0.1139	0.1507	0.0538	0.1789	+0.0347
60	3103	0.1630	0.1454	0.0987	0.2089	+0.1013
